Workbook

Sheet 基础销量预测-计划端
A1: 美国 | B1: 大盘参数 | E1: 份额调整参数 | H1: 份额调整边界 | K1: 美国bsr系数（上半年） | P1: 加拿大bsr系数（上半年）
B2: 2025年度大盘同比 | C2: 0.050340992 | E2: 高销量产品月度延续权重 | F2: 0.25 | H2: 高销量产品下限 | I2: -0.3 | K2: 组别 | L2: 24年同比 | M2: 25年同比 | N2: 2026年同比 | P2: 组别 | Q2: 25年同比 | R2: 2026年同比
B3: 2026H1大盘同比 | C3: 0.028105839 | D3: =(C3-C2)/C2 | E3: 低销量产品月度延续权重 | F3: 0.25 | H3: 高销量产品上限 | I3: 0.3 | K3: 1 | L3: {=_xlfn.XLOOKUP($K3,'BSR底表-美国'!$A:$A,'BSR底表-美国'!F:F)} | M3: {=_xlfn.XLOOKUP($K3,'BSR底表-美国'!$A:$A,'BSR底表-美国'!G:G)} | N3: {=_xlfn.XLOOKUP($K3,'BSR底表-美国'!$A:$A,'BSR底表-美国'!H:H)} | P3: 1 | Q3: {=_xlfn.XLOOKUP($P3,'BSR底表-加拿大'!$A:$A,'BSR底表-加拿大'!E:E)} | R3: {=_xlfn.XLOOKUP($P3,'BSR底表-加拿大'!$A:$A,'BSR底表-加拿大'!F:F)}
A4: 26较25年增降幅，预测27年大盘增降幅 | B4: 2027大盘基准增速 | C4: =D4 | D4: =C3*(1+D3) | H4: 低销量产品上下限 | I4: 0.15 | K4: 2-5 | L4: {=_xlfn.XLOOKUP($K4,'BSR底表-美国'!$A:$A,'BSR底表-美国'!F:F)} | M4: {=_xlfn.XLOOKUP($K4,'BSR底表-美国'!$A:$A,'BSR底表-美国'!G:G)} | N4: {=_xlfn.XLOOKUP($K4,'BSR底表-美国'!$A:$A,'BSR底表-美国'!H:H)} | P4: 2-5 | Q4: {=_xlfn.XLOOKUP($P4,'BSR底表-加拿大'!$A:$A,'BSR底表-加拿大'!E:E)} | R4: {=_xlfn.XLOOKUP($P4,'BSR底表-加拿大'!$A:$A,'BSR底表-加拿大'!F:F)}
K5: 6-10 | L5: {=_xlfn.XLOOKUP($K5,'BSR底表-美国'!$A:$A,'BSR底表-美国'!F:F)} | M5: {=_xlfn.XLOOKUP($K5,'BSR底表-美国'!$A:$A,'BSR底表-美国'!G:G)} | N5: {=_xlfn.XLOOKUP($K5,'BSR底表-美国'!$A:$A,'BSR底表-美国'!H:H)} | P5: 6-10 | Q5: {=_xlfn.XLOOKUP($P5,'BSR底表-加拿大'!$A:$A,'BSR底表-加拿大'!E:E)} | R5: {=_xlfn.XLOOKUP($P5,'BSR底表-加拿大'!$A:$A,'BSR底表-加拿大'!F:F)}
A6: 加拿大 | B6: 大盘参数 | K6: 11-15 | L6: {=_xlfn.XLOOKUP($K6,'BSR底表-美国'!$A:$A,'BSR底表-美国'!F:F)} | M6: {=_xlfn.XLOOKUP($K6,'BSR底表-美国'!$A:$A,'BSR底表-美国'!G:G)} | N6: {=_xlfn.XLOOKUP($K6,'BSR底表-美国'!$A:$A,'BSR底表-美国'!H:H)} | P6: 11-15 | Q6: {=_xlfn.XLOOKUP($P6,'BSR底表-加拿大'!$A:$A,'BSR底表-加拿大'!E:E)} | R6: {=_xlfn.XLOOKUP($P6,'BSR底表-加拿大'!$A:$A,'BSR底表-加拿大'!F:F)}
B7: 2025年度大盘同比 | C7: 1.2258741 | K7: 16-20 | L7: {=_xlfn.XLOOKUP($K7,'BSR底表-美国'!$A:$A,'BSR底表-美国'!F:F)} | M7: {=_xlfn.XLOOKUP($K7,'BSR底表-美国'!$A:$A,'BSR底表-美国'!G:G)} | N7: {=_xlfn.XLOOKUP($K7,'BSR底表-美国'!$A:$A,'BSR底表-美国'!H:H)} | P7: 16-20 | Q7: {=_xlfn.XLOOKUP($P7,'BSR底表-加拿大'!$A:$A,'BSR底表-加拿大'!E:E)} | R7: {=_xlfn.XLOOKUP($P7,'BSR底表-加拿大'!$A:$A,'BSR底表-加拿大'!F:F)}
B8: 2026H1大盘同比 | C8: 0.39233709 | D8: =(C8-C7)/C7 | K8: 46 - 50 | L8: {=_xlfn.XLOOKUP($K8,'BSR底表-美国'!$A:$A,'BSR底表-美国'!F:F)} | M8: {=_xlfn.XLOOKUP($K8,'BSR底表-美国'!$A:$A,'BSR底表-美国'!G:G)} | N8: {=_xlfn.XLOOKUP($K8,'BSR底表-美国'!$A:$A,'BSR底表-美国'!H:H)} | P8: 46 - 50 | Q8: {=_xlfn.XLOOKUP($P8,'BSR底表-加拿大'!$A:$A,'BSR底表-加拿大'!E:E)} | R8: {=_xlfn.XLOOKUP($P8,'BSR底表-加拿大'!$A:$A,'BSR底表-加拿大'!F:F)}
A9: 26较25年增降幅，预测27年大盘降幅 | B9: 2027大盘基准增速 | C9: 0.12556623 | D9: =C8*(1+D8) | G9: 82255 | H9: =20381-9519 | K9: 51 - 80 | L9: {=_xlfn.XLOOKUP($K9,'BSR底表-美国'!$A:$A,'BSR底表-美国'!F:F)} | M9: {=_xlfn.XLOOKUP($K9,'BSR底表-美国'!$A:$A,'BSR底表-美国'!G:G)} | N9: {=_xlfn.XLOOKUP($K9,'BSR底表-美国'!$A:$A,'BSR底表-美国'!H:H)} | P9: 51 - 80 | Q9: {=_xlfn.XLOOKUP($P9,'BSR底表-加拿大'!$A:$A,'BSR底表-加拿大'!E:E)} | R9: {=_xlfn.XLOOKUP($P9,'BSR底表-加拿大'!$A:$A,'BSR底表-加拿大'!F:F)}
D10: =(C9-C8)/C8 | G10: =H9/G9 | H10: =1-G10
H15: 1、可调整BSR系数 2、使用4月稳定BSR目标排名 | I15: 实际6月已剔除大促销量 | AC15: PS：实际销量含PD，预测含PD，整体大盘同比未含PD
A16: 父msku | B16: 站点 | C16: 父ASIN | D16: 父体类型 | E16: 2025H1销量 | F16: 2026H1销量 | G16: 自身H1同比 | H16: 大盘H1&BSR排名增幅 | I16: 相对大盘增量变化 | J16: 月度占比份额调整 | K16: 保守系数 | L16: 乐观系数 | M16: 1月保守 | N16: 1月正常 | O16: 1月乐观 | P16: 2月保守 | Q16: 2月正常 | R16: 2月乐观 | S16: 3月保守 | T16: 3月正常 | U16: 3月乐观 | V16: 4月保守 | W16: 4月正常 | X16: 4月乐观 | Y16: 5月保守 | Z16: 5月正常 | AA16: 5月乐观 | AB16: 6月保守 | AC16: 6月正常 | AD16: 6月乐观 | AE16: H1保守 | AF16: H1正常 | AG16: H1乐观 | AH16: 2027年1月 | AI16: 2027年2月 | AJ16: 2027年3月 | AK16: 2027年4月 | AL16: 2027年5月 | AM16: 2027年6月 | AN16: 1月正常+ | AO16: 2月正常+ | AP16: 3月正常+ | AQ16: 4月正常+ | AR16: 5月正常+ | AS16: 6月正常+ | AT16: 27年1-6月 | AU16: 26年1-6月 | AX16: 2月增幅 | AY16: 3月增幅 | AZ16: 4月增幅 | BA16: 5月增幅 | BB16: 6月增幅 | BC16: 历史1月销量 | BD16: 历史2月销量 | BE16: 历史3月销量 | BF16: 历史4月销量 | BG16: 历史5月销量 | BH16: 历史6月销量
A17: {=_xlfn.XLOOKUP(C17,'产品基础信息'!B:B,'产品基础信息'!C:C)} | B17: US | C17: B0CSKDP26Z | D17: 高销量产品 | E17: =SUM('历史月度销量'!AZ3:BE3) | F17: =SUM(P34:U34) | G17: =IF(E17>0,F17/E17-1,"") | H17: =$C$4*0.5+_xlfn.XLOOKUP(AK17,$K$2:$K$9,$M$2:$M$9)*0.2+_xlfn.XLOOKUP(AK17,$K$2:$K$9,$N$2:$N$9)*0.3 | I17: =IF(E17>0,(1+G17)/(1+H17)-1,"") | J17: =IF(D17="低销量产品",MIN($I$4,I17*$F$3),MIN($I$3,I17*$F$2)) | K17: 0.85 | L17: 1.18 | M17: =ROUND(N17*$K17,0) | N17: =ROUND(P34*(1+$H$52)*(1+$J17),0) | O17: =ROUND(N17*$L17,0) | P17: =ROUND(Q17*$K17,0) | Q17: =ROUND(Q34*(1+$H$53)*(1+$J17),0) | R17: =ROUND(Q17*$L17,0) | S17: =ROUND(T17*$K17,0) | T17: =ROUND(R34*(1+$H$54)*(1+$J17),0) | U17: =ROUND(T17*$L17,0) | V17: =ROUND(W17*$K17,0) | W17: =ROUND(S34*(1+$H$55)*(1+$J17),0) | X17: =ROUND(W17*$L17,0) | Y17: =ROUND(Z17*$K17,0) | Z17: =ROUND(T34*(1+$H$56)*(1+$J17),0) | AA17: =ROUND(Z17*$L17,0) | AB17: =ROUND(AC17*$K17,0) | AC17: =ROUND(W34*(1+$H$57)*(1+$J17),0) | AD17: =ROUND(AC17*$L17,0) | AE17: =SUM(M17,P17,S17,V17,Y17,AB17) | AF17: =SUM(N17,Q17,T17,W17,Z17,AC17) | AG17: =SUM(O17,R17,U17,X17,AA17,AD17) | AH17: 16-20 | AI17: 16-20 | AJ17: 6-10 | AK17: 6-10 | AL17: 6-10 | AM17: 6-10 | AN17: =N17 | AO17: =Q17 | AP17: =T17 | AQ17: =W17 | AR17: =Z17 | AS17: =AC17 | AT17: =SUM(AN17:AS17) | AU17: =SUM(BC17:BH17) | AV17: =AT17-AU17 | AW17: =(AT17-AU17)/AU17 | AX17: =IFERROR((AO17-AN17)/AN17,"") | AY17: =IFERROR((AP17-AO17)/AO17,"") | AZ17: =IFERROR((AQ17-AP17)/AP17,"") | BA17: =IFERROR((AR17-AQ17)/AQ17,"") | BB17: =IFERROR((AS17-AR17)/AR17,"") | BC17: =P34 | BD17: =Q34 | BE17: =R34 | BF17: =S34 | BG17: =T34 | BH17: =W34
A18: {=_xlfn.XLOOKUP(C18,'产品基础信息'!B:B,'产品基础信息'!C:C)} | B18: US | C18: B0BSKX7ZHN | D18: 高销量产品 | E18: =SUM('历史月度销量'!AZ4:BE4) | F18: =SUM(P35:U35) | G18: =IF(E18>0,F18/E18-1,"") | H18: =$C$4*0.5+_xlfn.XLOOKUP(AK18,$K$2:$K$9,$M$2:$M$9)*0.2+_xlfn.XLOOKUP(AK18,$K$2:$K$9,$N$2:$N$9)*0.3 | I18: =IF(E18>0,(1+G18)/(1+H18)-1,"") | J18: =IF(D18="低销量产品",MIN($I$4,I18*$F$3),MIN($I$3,I18*$F$2)) | K18: 0.92 | L18: 1.1 | M18: =ROUND(N18*$K18,0) | N18: =ROUND(P35*(1+$H$52)*(1+$J18),0) | O18: =ROUND(N18*$L18,0) | P18: =ROUND(Q18*$K18,0) | Q18: =ROUND(Q35*(1+$H$53)*(1+$J18),0) | R18: =ROUND(Q18*$L18,0) | S18: =ROUND(T18*$K18,0) | T18: =ROUND(R35*(1+$H$54)*(1+$J18),0) | U18: =ROUND(T18*$L18,0) | V18: =ROUND(W18*$K18,0) | W18: =ROUND(S35*(1+$H$55)*(1+$J18),0) | X18: =ROUND(W18*$L18,0) | Y18: =ROUND(Z18*$K18,0) | Z18: =ROUND(T35*(1+$H$56)*(1+$J18),0) | AA18: =ROUND(Z18*$L18,0) | AB18: =ROUND(AC18*$K18,0) | AC18: =ROUND(W35*(1+$H$57)*(1+$J18),0) | AD18: =ROUND(AC18*$L18,0) | AE18: =SUM(M18,P18,S18,V18,Y18,AB18) | AF18: =SUM(N18,Q18,T18,W18,Z18,AC18) | AG18: =SUM(O18,R18,U18,X18,AA18,AD18) | AH18: 11-15 | AI18: 6-10 | AJ18: 6-10 | AK18: 6-10 | AL18: 6-10 | AM18: 6-10 | AN18: =N18 | AO18: =Q18 | AP18: =T18 | AQ18: =W18 | AR18: =Z18 | AS18: =AC18 | AT18: =SUM(AN18:AS18) | AU18: =SUM(BC18:BH18) | AV18: =AT18-AU18 | AW18: =(AT18-AU18)/AU18 | AX18: =IFERROR((AO18-AN18)/AN18,"") | AY18: =IFERROR((AP18-AO18)/AO18,"") | AZ18: =IFERROR((AQ18-AP18)/AP18,"") | BA18: =IFERROR((AR18-AQ18)/AQ18,"") | BB18: =IFERROR((AS18-AR18)/AR18,"") | BC18: =P35 | BD18: =Q35 | BE18: =R35 | BF18: =S35 | BG18: =T35 | BH18: =W35
A19: {=_xlfn.XLOOKUP(C19,'产品基础信息'!B:B,'产品基础信息'!C:C)} | B19: US | C19: B0B2PCVNYJ | D19: 高销量产品 | E19: =SUM('历史月度销量'!AZ5:BE5) | F19: =SUM(P36:U36) | G19: =IF(E19>0,F19/E19-1,"") | H19: =$C$4*0.5+_xlfn.XLOOKUP(AK19,$K$2:$K$9,$M$2:$M$9)*0.2+_xlfn.XLOOKUP(AK19,$K$2:$K$9,$N$2:$N$9)*0.3 | I19: =IF(E19>0,(1+G19)/(1+H19)-1,"") | J19: =IF(D19="低销量产品",MIN($I$4,I19*$F$3),MIN($I$3,I19*$F$2)) | K19: 0.92 | L19: 1.1 | M19: =ROUND(N19*$K19,0) | N19: =ROUND(P36*(1+$H$52)*(1+$J19),0) | O19: =ROUND(N19*$L19,0) | P19: =ROUND(Q19*$K19,0) | Q19: =ROUND(Q36*(1+$H$53)*(1+$J19),0) | R19: =ROUND(Q19*$L19,0) | S19: =ROUND(T19*$K19,0) | T19: =ROUND(R36*(1+$H$54)*(1+$J19),0) | U19: =ROUND(T19*$L19,0) | V19: =ROUND(W19*$K19,0) | W19: =ROUND(S36*(1+$H$55)*(1+$J19),0) | X19: =ROUND(W19*$L19,0) | Y19: =ROUND(Z19*$K19,0) | Z19: =ROUND(T36*(1+$H$56)*(1+$J19),0) | AA19: =ROUND(Z19*$L19,0) | AB19: =ROUND(AC19*$K19,0) | AC19: =ROUND(W36*(1+$H$57)*(1+$J19),0) | AD19: =ROUND(AC19*$L19,0) | AE19: =SUM(M19,P19,S19,V19,Y19,AB19) | AF19: =SUM(N19,Q19,T19,W19,Z19,AC19) | AG19: =SUM(O19,R19,U19,X19,AA19,AD19) | AH19: 1 | AI19: 1 | AJ19: 1 | AK19: 1 | AL19: 1 | AM19: 1 | AN19: =N19 | AO19: =Q19 | AP19: =T19 | AQ19: =W19 | AR19: =Z19 | AS19: =AC19 | AT19: =SUM(AN19:AS19) | AU19: =SUM(BC19:BH19) | AV19: =AT19-AU19 | AW19: =(AT19-AU19)/AU19 | AX19: =IFERROR((AO19-AN19)/AN19,"") | AY19: =IFERROR((AP19-AO19)/AO19,"") | AZ19: =IFERROR((AQ19-AP19)/AP19,"") | BA19: =IFERROR((AR19-AQ19)/AQ19,"") | BB19: =IFERROR((AS19-AR19)/AR19,"") | BC19: =P36 | BD19: =Q36 | BE19: =R36 | BF19: =S36 | BG19: =T36 | BH19: =W36
A20: {=_xlfn.XLOOKUP(C20,'产品基础信息'!B:B,'产品基础信息'!C:C)} | B20: US | C20: B0CCJ2MH3N | D20: 高销量产品 | E20: =SUM('历史月度销量'!AZ6:BE6) | F20: =SUM(P37:U37) | G20: =IF(E20>0,F20/E20-1,"") | H20: =$C$4*0.5+_xlfn.XLOOKUP(AK20,$K$2:$K$9,$M$2:$M$9)*0.2+_xlfn.XLOOKUP(AK20,$K$2:$K$9,$N$2:$N$9)*0.3 | I20: =IF(E20>0,(1+G20)/(1+H20)-1,"") | J20: =IF(D20="低销量产品",MIN($I$4,I20*$F$3),MIN($I$3,I20*$F$2)) | K20: 0.92 | L20: 1.1 | M20: =ROUND(N20*$K20,0) | N20: =ROUND(P37*(1+$H$52)*(1+$J20),0) | O20: =ROUND(N20*$L20,0) | P20: =ROUND(Q20*$K20,0) | Q20: =ROUND(Q37*(1+$H$53)*(1+$J20),0) | R20: =ROUND(Q20*$L20,0) | S20: =ROUND(T20*$K20,0) | T20: =ROUND(R37*(1+$H$54)*(1+$J20),0) | U20: =ROUND(T20*$L20,0) | V20: =ROUND(W20*$K20,0) | W20: =ROUND(S37*(1+$H$55)*(1+$J20),0) | X20: =ROUND(W20*$L20,0) | Y20: =ROUND(Z20*$K20,0) | Z20: =ROUND(T37*(1+$H$56)*(1+$J20),0) | AA20: =ROUND(Z20*$L20,0) | AB20: =ROUND(AC20*$K20,0) | AC20: =ROUND(W37*(1+$H$57)*(1+$J20),0) | AD20: =ROUND(AC20*$L20,0) | AE20: =SUM(M20,P20,S20,V20,Y20,AB20) | AF20: =SUM(N20,Q20,T20,W20,Z20,AC20) | AG20: =SUM(O20,R20,U20,X20,AA20,AD20) | AH20: 2-5 | AI20: 2-5 | AJ20: 2-5 | AK20: 2-5 | AL20: 2-5 | AM20: 2-5 | AN20: =N20 | AO20: =Q20 | AP20: =T20 | AQ20: =W20 | AR20: =Z20 | AS20: =AC20 | AT20: =SUM(AN20:AS20) | AU20: =SUM(BC20:BH20) | AV20: =AT20-AU20 | AW20: =(AT20-AU20)/AU20 | AX20: =IFERROR((AO20-AN20)/AN20,"") | AY20: =IFERROR((AP20-AO20)/AO20,"") | AZ20: =IFERROR((AQ20-AP20)/AP20,"") | BA20: =IFERROR((AR20-AQ20)/AQ20,"") | BB20: =IFERROR((AS20-AR20)/AR20,"") | BC20: =P37 | BD20: =Q37 | BE20: =R37 | BF20: =S37 | BG20: =T37 | BH20: =W37
A21: {=_xlfn.XLOOKUP(C21,'产品基础信息'!B:B,'产品基础信息'!C:C)} | B21: US | C21: B0D17P9F9S | D21: 低销量产品 | E21: =SUM('历史月度销量'!AZ7:BE7) | F21: =SUM(P38:U38) | G21: =IF(E21>0,F21/E21-1,"") | H21: =$C$4*0.5+_xlfn.XLOOKUP(AK21,$K$2:$K$9,$M$2:$M$9)*0.2+_xlfn.XLOOKUP(AK21,$K$2:$K$9,$N$2:$N$9)*0.3 | I21: =IF(E21>0,(1+G21)/(1+H21)-1,"") | J21: 0 | K21: 0.68 | L21: 1.3 | M21: =ROUND(N21*$K21,0) | N21: =ROUND(P38*(1+$H$52)*(1+$J21),0) | O21: =ROUND(N21*$L21,0) | P21: =ROUND(Q21*$K21,0) | Q21: =ROUND(Q38*(1+$H$53)*(1+$J21),0) | R21: =ROUND(Q21*$L21,0) | S21: =ROUND(T21*$K21,0) | T21: =ROUND(R38*(1+$H$54)*(1+$J21),0) | U21: =ROUND(T21*$L21,0) | V21: =ROUND(W21*$K21,0) | W21: =ROUND(S38*(1+$H$55)*(1+$J21),0) | X21: =ROUND(W21*$L21,0) | Y21: =ROUND(Z21*$K21,0) | Z21: =ROUND(T38*(1+$H$56)*(1+$J21),0) | AA21: =ROUND(Z21*$L21,0) | AB21: =ROUND(AC21*$K21,0) | AC21: =ROUND(W38*(1+$H$57)*(1+$J21),0) | AD21: =ROUND(AC21*$L21,0) | AE21: =SUM(M21,P21,S21,V21,Y21,AB21) | AF21: =SUM(N21,Q21,T21,W21,Z21,AC21) | AG21: =SUM(O21,R21,U21,X21,AA21,AD21) | AJ21: 51 - 80 | AK21: 46 - 50 | AL21: 46 - 50 | AM21: 46 - 50 | AN21: =N21 | AO21: =Q21 | AP21: =T21 | AQ21: =W21 | AR21: =Z21 | AS21: =AC21 | AT21: =SUM(AN21:AS21) | AU21: =SUM(BC21:BH21) | AV21: =AT21-AU21 | AW21: =(AT21-AU21)/AU21 | AX21: =IFERROR((AO21-AN21)/AN21,"") | AY21: =IFERROR((AP21-AO21)/AO21,"") | AZ21: =IFERROR((AQ21-AP21)/AP21,"") | BA21: =IFERROR((AR21-AQ21)/AQ21,"") | BB21: =IFERROR((AS21-AR21)/AR21,"") | BC21: =P38 | BD21: =Q38 | BE21: =R38 | BF21: =S38 | BG21: =T38 | BH21: =W38
A22: {=_xlfn.XLOOKUP(C22,'产品基础信息'!B:B,'产品基础信息'!C:C)} | B22: US | C22: B0D4PHQJYJ | D22: 低销量产品 | E22: =SUM('历史月度销量'!AZ8:BE8) | F22: =SUM(P39:U39) | G22: =IF(E22>0,F22/E22-1,"") | H22: =$C$4*0.5+_xlfn.XLOOKUP(AK22,$K$2:$K$9,$M$2:$M$9)*0.2+_xlfn.XLOOKUP(AK22,$K$2:$K$9,$N$2:$N$9)*0.3 | I22: =IF(E22>0,(1+G22)/(1+H22)-1,"") | J22: 0 | K22: 0.68 | L22: 1.3 | M22: =ROUND(N22*$K22,0) | N22: =ROUND(P39*(1+$H$52)*(1+$J22),0) | O22: =ROUND(N22*$L22,0) | P22: =ROUND(Q22*$K22,0) | Q22: =ROUND(Q39*(1+$H$53)*(1+$J22),0) | R22: =ROUND(Q22*$L22,0) | S22: =ROUND(T22*$K22,0) | T22: =ROUND(R39*(1+$H$54)*(1+$J22),0) | U22: =ROUND(T22*$L22,0) | V22: =ROUND(W22*$K22,0) | W22: =ROUND(S39*(1+$H$55)*(1+$J22),0) | X22: =ROUND(W22*$L22,0) | Y22: =ROUND(Z22*$K22,0) | Z22: =ROUND(T39*(1+$H$56)*(1+$J22),0) | AA22: =ROUND(Z22*$L22,0) | AB22: =ROUND(AC22*$K22,0) | AC22: =ROUND(W39*(1+$H$57)*(1+$J22),0) | AD22: =ROUND(AC22*$L22,0) | AE22: =SUM(M22,P22,S22,V22,Y22,AB22) | AF22: =SUM(N22,Q22,T22,W22,Z22,AC22) | AG22: =SUM(O22,R22,U22,X22,AA22,AD22) | AJ22: 51 - 80 | AK22: 46 - 50 | AL22: 46 - 50 | AM22: 46 - 50 | AN22: =N22 | AO22: =Q22 | AP22: =T22 | AQ22: =W22 | AR22: =Z22 | AS22: =AC22 | AT22: =SUM(AN22:AS22) | AU22: =SUM(BC22:BH22) | AV22: =AT22-AU22 | AW22: =(AT22-AU22)/AU22 | AX22: =IFERROR((AO22-AN22)/AN22,"") | AY22: =IFERROR((AP22-AO22)/AO22,"") | AZ22: =IFERROR((AQ22-AP22)/AP22,"") | BA22: =IFERROR((AR22-AQ22)/AQ22,"") | BB22: =IFERROR((AS22-AR22)/AR22,"") | BC22: =P39 | BD22: =Q39 | BE22: =R39 | BF22: =S39 | BG22: =T39 | BH22: =W39
A23: {=_xlfn.XLOOKUP(C23,'产品基础信息'!B:B,'产品基础信息'!C:C)} | B23: US | C23: B0FWJY4CCQ | D23: 低销量产品 | E23: =SUM('历史月度销量'!AZ9:BE9) | F23: =SUM(P40:U40) | G23: =IF(E23>0,F23/E23-1,"") | H23: =$C$4*0.5+_xlfn.XLOOKUP(AK23,$K$2:$K$9,$M$2:$M$9)*0.2+_xlfn.XLOOKUP(AK23,$K$2:$K$9,$N$2:$N$9)*0.3 | I23: =IF(E23>0,(1+G23)/(1+H23)-1,"") | J23: 0 | K23: 0.68 | L23: 1.2 | M23: =ROUND(N23*$K23,0) | N23: =ROUND(P40*(1+$H$52)*(1+$J23),0) | O23: =ROUND(N23*$L23,0) | P23: =ROUND(Q23*$K23,0) | Q23: =ROUND(Q40*(1+$H$53)*(1+$J23),0) | R23: =ROUND(Q23*$L23,0) | S23: =ROUND(T23*$K23,0) | T23: =ROUND(R40*(1+$H$54)*(1+$J23),0) | U23: =ROUND(T23*$L23,0) | V23: =ROUND(W23*$K23,0) | W23: =ROUND(S40*(1+$H$55)*(1+$J23),0) | X23: =ROUND(W23*$L23,0) | Y23: =ROUND(Z23*$K23,0) | Z23: =ROUND(T40*(1+$H$56)*(1+$J23),0) | AA23: =ROUND(Z23*$L23,0) | AB23: =ROUND(AC23*$K23,0) | AC23: =ROUND(W40*(1+$H$57)*(1+$J23),0) | AD23: =ROUND(AC23*$L23,0) | AE23: =SUM(M23,P23,S23,V23,Y23,AB23) | AF23: =SUM(N23,Q23,T23,W23,Z23,AC23) | AG23: =SUM(O23,R23,U23,X23,AA23,AD23) | AJ23: 51 - 80 | AK23: 46 - 50 | AL23: 46 - 50 | AM23: 46 - 50 | AN23: =N23 | AO23: =Q23 | AP23: =T23 | AQ23: =W23 | AR23: =Z23 | AS23: =AC23 | AT23: =SUM(AN23:AS23) | AU23: =SUM(BC23:BH23) | AV23: =AT23-AU23 | AW23: =(AT23-AU23)/AU23 | AX23: =IFERROR((AO23-AN23)/AN23,"") | AY23: =IFERROR((AP23-AO23)/AO23,"") | AZ23: =IFERROR((AQ23-AP23)/AP23,"") | BA23: =IFERROR((AR23-AQ23)/AQ23,"") | BB23: =IFERROR((AS23-AR23)/AR23,"") | BC23: =P40 | BD23: =Q40 | BE23: =R40 | BF23: =S40 | BG23: =T40 | BH23: =W40
A24: {=_xlfn.XLOOKUP(C24,'产品基础信息'!B:B,'产品基础信息'!C:C)} | B24: US | C24: B0DBPK9CTR | D24: 低销量产品 | E24: =SUM('历史月度销量'!AZ10:BE10) | F24: =SUM(P41:U41) | G24: =IF(E24>0,F24/E24-1,"") | H24: =$C$4*0.5+_xlfn.XLOOKUP(AK24,$K$2:$K$9,$M$2:$M$9)*0.2+_xlfn.XLOOKUP(AK24,$K$2:$K$9,$N$2:$N$9)*0.3 | I24: =IF(E24>0,(1+G24)/(1+H24)-1,"") | J24: 0 | K24: 0.68 | L24: 1.2 | M24: =ROUND(N24*$K24,0) | N24: =ROUND(P41*(1+$H$52)*(1+$J24),0) | O24: =ROUND(N24*$L24,0) | P24: =ROUND(Q24*$K24,0) | Q24: =ROUND(Q41*(1+$H$53)*(1+$J24),0) | R24: =ROUND(Q24*$L24,0) | S24: =ROUND(T24*$K24,0) | T24: =ROUND(R41*(1+$H$54)*(1+$J24),0) | U24: =ROUND(T24*$L24,0) | V24: =ROUND(W24*$K24,0) | W24: =ROUND(S41*(1+$H$55)*(1+$J24),0) | X24: =ROUND(W24*$L24,0) | Y24: =ROUND(Z24*$K24,0) | Z24: =ROUND(T41*(1+$H$56)*(1+$J24),0) | AA24: =ROUND(Z24*$L24,0) | AB24: =ROUND(AC24*$K24,0) | AC24: =ROUND(W41*(1+$H$57)*(1+$J24),0) | AD24: =ROUND(AC24*$L24,0) | AE24: =SUM(M24,P24,S24,V24,Y24,AB24) | AF24: =SUM(N24,Q24,T24,W24,Z24,AC24) | AG24: =SUM(O24,R24,U24,X24,AA24,AD24) | AJ24: 51 - 80 | AK24: 46 - 50 | AL24: 46 - 50 | AM24: 46 - 50 | AN24: =N24 | AO24: =Q24 | AP24: =T24 | AQ24: =W24 | AR24: =Z24 | AS24: =AC24 | AT24: =SUM(AN24:AS24) | AU24: =SUM(BC24:BH24) | AV24: =AT24-AU24 | AW24: =(AT24-AU24)/AU24 | AX24: =IFERROR((AO24-AN24)/AN24,"") | AY24: =IFERROR((AP24-AO24)/AO24,"") | AZ24: =IFERROR((AQ24-AP24)/AP24,"") | BA24: =IFERROR((AR24-AQ24)/AQ24,"") | BB24: =IFERROR((AS24-AR24)/AR24,"") | BC24: =P41 | BD24: =Q41 | BE24: =R41 | BF24: =S41 | BG24: =T41 | BH24: =W41
A25: {=_xlfn.XLOOKUP(C25,'产品基础信息'!B:B,'产品基础信息'!C:C)} | B25: US | C25: B0DBLYWHF4 | D25: 高销量产品 | E25: =SUM('历史月度销量'!AZ11:BE11) | F25: =SUM(P42:U42) | G25: =IF(E25>0,F25/E25-1,"") | H25: =$C$4*0.5+_xlfn.XLOOKUP(AK25,$K$2:$K$9,$M$2:$M$9)*0.2+_xlfn.XLOOKUP(AK25,$K$2:$K$9,$N$2:$N$9)*0.3 | I25: =IF(E25>0,(1+G25)/(1+H25)-1,"") | J25: 0 | K25: 0.68 | L25: 1.3 | M25: =ROUND(N25*$K25,0) | N25: =ROUND(P42*(1+$H$52)*(1+$J25),0) | O25: =ROUND(N25*$L25,0) | P25: =ROUND(Q25*$K25,0) | Q25: =ROUND(Q42*(1+$H$53)*(1+$J25),0) | R25: =ROUND(Q25*$L25,0) | S25: =ROUND(T25*$K25,0) | T25: =ROUND(R42*(1+$H$54)*(1+$J25),0) | U25: =ROUND(T25*$L25,0) | V25: =ROUND(W25*$K25,0) | W25: =ROUND(S42*(1+$H$55)*(1+$J25),0) | X25: =ROUND(W25*$L25,0) | Y25: =ROUND(Z25*$K25,0) | Z25: =ROUND(T42*(1+$H$56)*(1+$J25),0) | AA25: =ROUND(Z25*$L25,0) | AB25: =ROUND(AC25*$K25,0) | AC25: =ROUND(W42*(1+$H$57)*(1+$J25),0) | AD25: =ROUND(AC25*$L25,0) | AE25: =SUM(M25,P25,S25,V25,Y25,AB25) | AF25: =SUM(N25,Q25,T25,W25,Z25,AC25) | AG25: =SUM(O25,R25,U25,X25,AA25,AD25) | AJ25: 51 - 80 | AK25: 46 - 50 | AL25: 46 - 50 | AM25: 46 - 50 | AN25: =N25 | AO25: =Q25 | AP25: =T25 | AQ25: =W25 | AR25: =Z25 | AS25: =AC25 | AT25: =SUM(AN25:AS25) | AU25: =SUM(BC25:BH25) | AV25: =AT25-AU25 | AW25: =(AT25-AU25)/AU25 | AX25: =IFERROR((AO25-AN25)/AN25,"") | AY25: =IFERROR((AP25-AO25)/AO25,"") | AZ25: =IFERROR((AQ25-AP25)/AP25,"") | BA25: =IFERROR((AR25-AQ25)/AQ25,"") | BB25: =IFERROR((AS25-AR25)/AR25,"") | BC25: =P42 | BD25: =Q42 | BE25: =R42 | BF25: =S42 | BG25: =T42 | BH25: =W42
A26: {=_xlfn.XLOOKUP(C26,'产品基础信息'!B:B,'产品基础信息'!C:C)} | B26: CA | C26: B0CT5G5TVT | D26: 低销量产品 | E26: =SUM('历史月度销量'!AZ12:BE12) | F26: =SUM(P43:U43) | G26: =IF(E26>0,F26/E26-1,"") | H26: =$C$9*0.5+_xlfn.XLOOKUP(AK26,$P$3:$P$9,$R$3:$R$9)*0.5 | I26: =IF(E26>0,(1+G26)/(1+H26)-1,"") | J26: 0 | K26: 0.68 | L26: 1.3 | M26: =ROUND(N26*$K26,0) | N26: =ROUND(P43*(1+$H$52)*(1+$J26),0) | O26: =ROUND(N26*$L26,0) | P26: =ROUND(Q26*$K26,0) | Q26: =ROUND(Q43*(1+$H$53)*(1+$J26),0) | R26: =ROUND(Q26*$L26,0) | S26: =ROUND(T26*$K26,0) | T26: =ROUND(R43*(1+$H$54)*(1+$J26),0) | U26: =ROUND(T26*$L26,0) | V26: =ROUND(W26*$K26,0) | W26: =ROUND(S43*(1+$H$55)*(1+$J26),0) | X26: =ROUND(W26*$L26,0) | Y26: =ROUND(Z26*$K26,0) | Z26: =ROUND(T43*(1+$H$56)*(1+$J26),0) | AA26: =ROUND(Z26*$L26,0) | AB26: =ROUND(AC26*$K26,0) | AC26: =ROUND(W43*(1+$H$57)*(1+$J26),0) | AD26: =ROUND(AC26*$L26,0) | AE26: =SUM(M26,P26,S26,V26,Y26,AB26) | AF26: =SUM(N26,Q26,T26,W26,Z26,AC26) | AG26: =SUM(O26,R26,U26,X26,AA26,AD26) | AJ26: 1 | AK26: 1 | AL26: 1 | AM26: 1 | AN26: =N26 | AO26: =Q26 | AP26: =T26 | AQ26: =W26 | AR26: =Z26 | AS26: =AC26 | AT26: =SUM(AN26:AS26) | AU26: =SUM(BC26:BH26) | AV26: =AT26-AU26 | AW26: =(AT26-AU26)/AU26 | AX26: =IFERROR((AO26-AN26)/AN26,"") | AY26: =IFERROR((AP26-AO26)/AO26,"") | AZ26: =IFERROR((AQ26-AP26)/AP26,"") | BA26: =IFERROR((AR26-AQ26)/AQ26,"") | BB26: =IFERROR((AS26-AR26)/AR26,"") | BC26: =P43 | BD26: =Q43 | BE26: =R43 | BF26: =S43 | BG26: =T43 | BH26: =W43
A27: {=_xlfn.XLOOKUP(C27,'产品基础信息'!B:B,'产品基础信息'!C:C)} | B27: CA | C27: B0D3J2Q1JM | D27: 低销量产品 | E27: =SUM('历史月度销量'!AZ13:BE13) | F27: =SUM(P44:U44) | G27: =IF(E27>0,F27/E27-1,"") | H27: =$C$9*0.5+_xlfn.XLOOKUP(AK27,$P$3:$P$9,$R$3:$R$9)*0.5 | I27: =IF(E27>0,(1+G27)/(1+H27)-1,"") | J27: 0 | K27: 0.68 | L27: 1.3 | M27: =ROUND(N27*$K27,0) | N27: =ROUND(P44*(1+$H$52)*(1+$J27),0) | O27: =ROUND(N27*$L27,0) | P27: =ROUND(Q27*$K27,0) | Q27: =ROUND(Q44*(1+$H$53)*(1+$J27),0) | R27: =ROUND(Q27*$L27,0) | S27: =ROUND(T27*$K27,0) | T27: =ROUND(R44*(1+$H$54)*(1+$J27),0) | U27: =ROUND(T27*$L27,0) | V27: =ROUND(W27*$K27,0) | W27: =ROUND(S44*(1+$H$55)*(1+$J27),0) | X27: =ROUND(W27*$L27,0) | Y27: =ROUND(Z27*$K27,0) | Z27: =ROUND(T44*(1+$H$56)*(1+$J27),0) | AA27: =ROUND(Z27*$L27,0) | AB27: =ROUND(AC27*$K27,0) | AC27: =ROUND(W44*(1+$H$57)*(1+$J27),0) | AD27: =ROUND(AC27*$L27,0) | AE27: =SUM(M27,P27,S27,V27,Y27,AB27) | AF27: =SUM(N27,Q27,T27,W27,Z27,AC27) | AG27: =SUM(O27,R27,U27,X27,AA27,AD27) | AJ27: 2-5 | AK27: 2-5 | AL27: 2-5 | AM27: 2-5 | AN27: =N27 | AO27: =Q27 | AP27: =T27 | AQ27: =W27 | AR27: =Z27 | AS27: =AC27 | AT27: =SUM(AN27:AS27) | AU27: =SUM(BC27:BH27) | AV27: =AT27-AU27 | AW27: =(AT27-AU27)/AU27 | AX27: =IFERROR((AO27-AN27)/AN27,"") | AY27: =IFERROR((AP27-AO27)/AO27,"") | AZ27: =IFERROR((AQ27-AP27)/AP27,"") | BA27: =IFERROR((AR27-AQ27)/AQ27,"") | BB27: =IFERROR((AS27-AR27)/AR27,"") | BC27: =P44 | BD27: =Q44 | BE27: =R44 | BF27: =S44 | BG27: =T44 | BH27: =W44
A28: {=_xlfn.XLOOKUP(C28,'产品基础信息'!B:B,'产品基础信息'!C:C)} | B28: CA | C28: B0D3TS4TYR | D28: 低销量产品 | E28: =SUM('历史月度销量'!AZ14:BE14) | F28: =SUM(P45:U45) | G28: =IF(E28>0,F28/E28-1,"") | H28: =$C$9*0.5+_xlfn.XLOOKUP(AK28,$P$3:$P$9,$R$3:$R$9)*0.5 | I28: =IF(E28>0,(1+G28)/(1+H28)-1,"") | J28: 0 | K28: 0.68 | L28: 1.15 | M28: =ROUND(N28*$K28,0) | N28: =ROUND(P45*(1+$H$52)*(1+$J28),0) | O28: =ROUND(N28*$L28,0) | P28: =ROUND(Q28*$K28,0) | Q28: =ROUND(Q45*(1+$H$53)*(1+$J28),0) | R28: =ROUND(Q28*$L28,0) | S28: =ROUND(T28*$K28,0) | T28: =ROUND(R45*(1+$H$54)*(1+$J28),0) | U28: =ROUND(T28*$L28,0) | V28: =ROUND(W28*$K28,0) | W28: =ROUND(S45*(1+$H$55)*(1+$J28),0) | X28: =ROUND(W28*$L28,0) | Y28: =ROUND(Z28*$K28,0) | Z28: =ROUND(T45*(1+$H$56)*(1+$J28),0) | AA28: =ROUND(Z28*$L28,0) | AB28: =ROUND(AC28*$K28,0) | AC28: =ROUND(W45*(1+$H$57)*(1+$J28),0) | AD28: =ROUND(AC28*$L28,0) | AE28: =SUM(M28,P28,S28,V28,Y28,AB28) | AF28: =SUM(N28,Q28,T28,W28,Z28,AC28) | AG28: =SUM(O28,R28,U28,X28,AA28,AD28) | AJ28: 16-20 | AK28: 6-10 | AL28: 6-10 | AM28: 6-10 | AN28: =N28 | AO28: =Q28 | AP28: =T28 | AQ28: =W28 | AR28: =Z28 | AS28: =AC28 | AT28: =SUM(AN28:AS28) | AU28: =SUM(BC28:BH28) | AV28: =AT28-AU28 | AW28: =(AT28-AU28)/AU28 | AX28: =IFERROR((AO28-AN28)/AN28,"") | AY28: =IFERROR((AP28-AO28)/AO28,"") | AZ28: =IFERROR((AQ28-AP28)/AP28,"") | BA28: =IFERROR((AR28-AQ28)/AQ28,"") | BB28: =IFERROR((AS28-AR28)/AR28,"") | BC28: =P45 | BD28: =Q45 | BE28: =R45 | BF28: =S45 | BG28: =T45 | BH28: =W45
A29: {=_xlfn.XLOOKUP(C29,'产品基础信息'!B:B,'产品基础信息'!C:C)} | B29: CA | C29: B0DRFTHNM8 | D29: 低销量产品 | E29: =SUM('历史月度销量'!AZ15:BE15) | F29: =SUM(P46:U46) | G29: =IF(E29>0,F29/E29-1,"") | H29: =$C$9*0.5+_xlfn.XLOOKUP(AK29,$P$3:$P$9,$R$3:$R$9)*0.5 | I29: =IF(E29>0,(1+G29)/(1+H29)-1,"") | J29: 0 | K29: 0.68 | L29: 1.15 | M29: =ROUND(N29*$K29,0) | N29: =ROUND(P46*(1+$H$52)*(1+$J29),0) | O29: =ROUND(N29*$L29,0) | P29: =ROUND(Q29*$K29,0) | Q29: =ROUND(Q46*(1+$H$53)*(1+$J29),0) | R29: =ROUND(Q29*$L29,0) | S29: =ROUND(T29*$K29,0) | T29: =ROUND(R46*(1+$H$54)*(1+$J29),0) | U29: =ROUND(T29*$L29,0) | V29: =ROUND(W29*$K29,0) | W29: =ROUND(S46*(1+$H$55)*(1+$J29),0) | X29: =ROUND(W29*$L29,0) | Y29: =ROUND(Z29*$K29,0) | Z29: =ROUND(T46*(1+$H$56)*(1+$J29),0) | AA29: =ROUND(Z29*$L29,0) | AB29: =ROUND(AC29*$K29,0) | AC29: =ROUND(W46*(1+$H$57)*(1+$J29),0) | AD29: =ROUND(AC29*$L29,0) | AE29: =SUM(M29,P29,S29,V29,Y29,AB29) | AF29: =SUM(N29,Q29,T29,W29,Z29,AC29) | AG29: =SUM(O29,R29,U29,X29,AA29,AD29) | AJ29: 16-20 | AK29: 16-20 | AL29: 16-20 | AM29: 16-20 | AN29: =N29 | AO29: =Q29 | AP29: =T29 | AQ29: =W29 | AR29: =Z29 | AS29: =AC29 | AT29: =SUM(AN29:AS29) | AU29: =SUM(BC29:BH29) | AV29: =AT29-AU29 | AW29: =(AT29-AU29)/AU29 | AX29: =IFERROR((AO29-AN29)/AN29,"") | AY29: =IFERROR((AP29-AO29)/AO29,"") | AZ29: =IFERROR((AQ29-AP29)/AP29,"") | BA29: =IFERROR((AR29-AQ29)/AQ29,"") | BB29: =IFERROR((AS29-AR29)/AR29,"") | BC29: =P46 | BD29: =Q46 | BE29: =R46 | BF29: =S46 | BG29: =T46 | BH29: =W46
B32: 实际销量
A33: 父msku | B33: 站点 | C33: 父ASIN占位 | D33: 2025-01 | E33: 2025-02 | F33: 2025-03 | G33: 2025-04 | H33: 2025-05 | I33: 2025-06 | J33: 2025-07 | K33: 2025-08 | L33: 2025-09 | M33: 2025-10 | N33: 2025-11 | O33: 2025-12 | P33: 2026-01 | Q33: 2026-02 | R33: 2026-03 | S33: 2026-04 | T33: 2026-05 | U33: 46174 | V33: 2026-07 | W33: 2026-06实际销量
A34: {=_xlfn.XLOOKUP(C34,'产品基础信息'!B:B,'产品基础信息'!C:C)} | B34: US | C34: B0CSKDP26Z | D34: ='历史月度销量'!AZ3 | E34: ='历史月度销量'!BA3 | F34: ='历史月度销量'!BB3 | G34: ='历史月度销量'!BC3 | H34: ='历史月度销量'!BD3 | I34: ='历史月度销量'!BE3 | J34: ='历史月度销量'!BF3 | K34: ='历史月度销量'!BG3 | ... T34: ='历史月度销量'!BP3 | U34: =W34*0.87 | V34: {=_xlfn.XLOOKUP(C34,'26年实际销量'!A:A,'26年实际销量'!X:X)} | W34: 7492 | X34: =ROUND(I34/H34*T34,0) | Y34: =(U34-T34)/T34
A35: {=_xlfn.XLOOKUP(C35,'产品基础信息'!B:B,'产品基础信息'!C:C)} | B35: US | C35: B0BSKX7ZHN | D35: ='历史月度销量'!AZ4 | E35: ='历史月度销量'!BA4 | F35: ='历史月度销量'!BB4 | G35: ='历史月度销量'!BC4 | H35: ='历史月度销量'!BD4 | I35: ='历史月度销量'!BE4 | J35: ='历史月度销量'!BF4 | K35: ='历史月度销量'!BG4 | ... T35: ='历史月度销量'!BP4 | U35: =W35*0.87 | V35: {=_xlfn.XLOOKUP(C35,'26年实际销量'!A:A,'26年实际销量'!X:X)} | W35: 9323 | X35: =ROUND(I35/H35*T35,0) | Y35: =(U35-T35)/T35
A36: {=_xlfn.XLOOKUP(C36,'产品基础信息'!B:B,'产品基础信息'!C:C)} | B36: US | C36: B0B2PCVNYJ | D36: ='历史月度销量'!AZ5 | E36: ='历史月度销量'!BA5 | F36: ='历史月度销量'!BB5 | G36: ='历史月度销量'!BC5 | H36: ='历史月度销量'!BD5 | I36: ='历史月度销量'!BE5 | J36: ='历史月度销量'!BF5 | K36: ='历史月度销量'!BG5 | ... T36: ='历史月度销量'!BP5 | U36: =W36*0.87 | V36: {=_xlfn.XLOOKUP(C36,'26年实际销量'!A:A,'26年实际销量'!X:X)} | W36: 19707 | X36: =ROUND(I36/H36*T36,0) | Y36: =(U36-T36)/T36
A37: {=_xlfn.XLOOKUP(C37,'产品基础信息'!B:B,'产品基础信息'!C:C)} | B37: US | C37: B0CCJ2MH3N | D37: ='历史月度销量'!AZ6 | E37: ='历史月度销量'!BA6 | F37: ='历史月度销量'!BB6 | G37: ='历史月度销量'!BC6 | H37: ='历史月度销量'!BD6 | I37: ='历史月度销量'!BE6 | J37: ='历史月度销量'!BF6 | K37: ='历史月度销量'!BG6 | ... T37: ='历史月度销量'!BP6 | U37: =W37*0.87 | V37: {=_xlfn.XLOOKUP(C37,'26年实际销量'!A:A,'26年实际销量'!X:X)} | W37: 21889 | X37: =ROUND(I37/H37*T37,0) | Y37: =(U37-T37)/T37
A38: {=_xlfn.XLOOKUP(C38,'产品基础信息'!B:B,'产品基础信息'!C:C)} | B38: US | C38: B0D17P9F9S | D38: ='历史月度销量'!AZ7 | E38: ='历史月度销量'!BA7 | F38: ='历史月度销量'!BB7 | G38: ='历史月度销量'!BC7 | H38: ='历史月度销量'!BD7 | I38: ='历史月度销量'!BE7 | J38: ='历史月度销量'!BF7 | K38: ='历史月度销量'!BG7 | ... T38: ='历史月度销量'!BP7 | U38: =W38*0.87 | V38: {=_xlfn.XLOOKUP(C38,'26年实际销量'!A:A,'26年实际销量'!X:X)} | W38: 1390 | X38: =ROUND(I38/H38*T38,0) | Y38: =(U38-T38)/T38
A39: {=_xlfn.XLOOKUP(C39,'产品基础信息'!B:B,'产品基础信息'!C:C)} | B39: US | C39: B0D4PHQJYJ | D39: ='历史月度销量'!AZ8 | E39: ='历史月度销量'!BA8 | F39: ='历史月度销量'!BB8 | G39: ='历史月度销量'!BC8 | H39: ='历史月度销量'!BD8 | I39: ='历史月度销量'!BE8 | J39: ='历史月度销量'!BF8 | K39: ='历史月度销量'!BG8 | ... T39: ='历史月度销量'!BP8 | U39: =W39*0.87 | V39: {=_xlfn.XLOOKUP(C39,'26年实际销量'!A:A,'26年实际销量'!X:X)} | W39: 1897 | X39: =ROUND(I39/H39*T39,0) | Y39: =(U39-T39)/T39
A40: {=_xlfn.XLOOKUP(C40,'产品基础信息'!B:B,'产品基础信息'!C:C)} | B40: US | C40: B0FWJY4CCQ | D40: ='历史月度销量'!AZ9 | E40: ='历史月度销量'!BA9 | F40: ='历史月度销量'!BB9 | G40: ='历史月度销量'!BC9 | H40: ='历史月度销量'!BD9 | I40: ='历史月度销量'!BE9 | J40: ='历史月度销量'!BF9 | K40: ='历史月度销量'!BG9 | ... T40: ='历史月度销量'!BP9 | U40: =W40*0.87 | V40: {=_xlfn.XLOOKUP(C40,'26年实际销量'!A:A,'26年实际销量'!X:X)} | W40: 1599 | X40: =ROUND(I40/H40*T40,0) | Y40: =(U40-T40)/T40
A41: {=_xlfn.XLOOKUP(C41,'产品基础信息'!B:B,'产品基础信息'!C:C)} | B41: US | C41: B0DBPK9CTR | D41: ='历史月度销量'!AZ10 | E41: ='历史月度销量'!BA10 | F41: ='历史月度销量'!BB10 | G41: ='历史月度销量'!BC10 | H41: ='历史月度销量'!BD10 | I41: ='历史月度销量'!BE10 | J41: ='历史月度销量'!BF10 | K41: ='历史月度销量'!BG10 | ... T41: ='历史月度销量'!BP10 | U41: =W41*0.87 | V41: {=_xlfn.XLOOKUP(C41,'26年实际销量'!A:A,'26年实际销量'!X:X)} | W41: 1352 | X41: =ROUND(I41/H41*T41,0) | Y41: =(U41-T41)/T41
A42: {=_xlfn.XLOOKUP(C42,'产品基础信息'!B:B,'产品基础信息'!C:C)} | B42: US | C42: B0DBLYWHF4 | D42: ='历史月度销量'!AZ11 | E42: ='历史月度销量'!BA11 | F42: ='历史月度销量'!BB11 | G42: ='历史月度销量'!BC11 | H42: ='历史月度销量'!BD11 | I42: ='历史月度销量'!BE11 | J42: ='历史月度销量'!BF11 | K42: ='历史月度销量'!BG11 | ... T42: ='历史月度销量'!BP11 | U42: =X42 | V42: {=_xlfn.XLOOKUP(C42,'26年实际销量'!A:A,'26年实际销量'!X:X)} | W42: 2693 | X42: =ROUND(I42/H42*T42,0) | Y42: =(U42-T42)/T42
A43: {=_xlfn.XLOOKUP(C43,'产品基础信息'!B:B,'产品基础信息'!C:C)} | B43: CA | C43: B0CT5G5TVT | D43: ='历史月度销量'!AZ12 | E43: ='历史月度销量'!BA12 | F43: ='历史月度销量'!BB12 | G43: ='历史月度销量'!BC12 | H43: ='历史月度销量'!BD12 | I43: ='历史月度销量'!BE12 | J43: ='历史月度销量'!BF12 | K43: ='历史月度销量'!BG12 | ... T43: ='历史月度销量'!BP12 | U43: =X43 | V43: {=_xlfn.XLOOKUP(C43,'26年实际销量'!A:A,'26年实际销量'!X:X)} | W43: 2568 | X43: =ROUND(I43/H43*T43,0) | Y43: =(U43-T43)/T43
A44: {=_xlfn.XLOOKUP(C44,'产品基础信息'!B:B,'产品基础信息'!C:C)} | B44: CA | C44: B0D3J2Q1JM | D44: ='历史月度销量'!AZ13 | E44: ='历史月度销量'!BA13 | F44: ='历史月度销量'!BB13 | G44: ='历史月度销量'!BC13 | H44: ='历史月度销量'!BD13 | I44: ='历史月度销量'!BE13 | J44: ='历史月度销量'!BF13 | K44: ='历史月度销量'!BG13 | ... T44: ='历史月度销量'!BP13 | U44: =X44 | V44: {=_xlfn.XLOOKUP(C44,'26年实际销量'!A:A,'26年实际销量'!X:X)} | W44: 2120 | X44: =ROUND(I44/H44*T44,0) | Y44: =(X44-T44)/T44
A45: {=_xlfn.XLOOKUP(C45,'产品基础信息'!B:B,'产品基础信息'!C:C)} | B45: CA | C45: B0D3TS4TYR | D45: ='历史月度销量'!AZ14 | E45: ='历史月度销量'!BA14 | F45: ='历史月度销量'!BB14 | G45: ='历史月度销量'!BC14 | H45: ='历史月度销量'!BD14 | I45: ='历史月度销量'!BE14 | J45: ='历史月度销量'!BF14 | K45: ='历史月度销量'!BG14 | ... T45: ='历史月度销量'!BP14 | U45: =X45 | V45: {=_xlfn.XLOOKUP(C45,'26年实际销量'!A:A,'26年实际销量'!X:X)} | W45: 1199 | X45: =ROUND(I45/H45*T45,0) | Y45: =(X45-T45)/T45
A46: {=_xlfn.XLOOKUP(C46,'产品基础信息'!B:B,'产品基础信息'!C:C)} | B46: CA | C46: B0DRFTHNM8 | D46: ='历史月度销量'!AZ15 | E46: ='历史月度销量'!BA15 | F46: ='历史月度销量'!BB15 | G46: ='历史月度销量'!BC15 | H46: ='历史月度销量'!BD15 | I46: ='历史月度销量'!BE15 | J46: ='历史月度销量'!BF15 | K46: ='历史月度销量'!BG15 | ... T46: ='历史月度销量'!BP15 | U46: =X46 | V46: {=_xlfn.XLOOKUP(C46,'26年实际销量'!A:A,'26年实际销量'!X:X)} | W46: 758 | X46: =ROUND(I46/H46*T46,0) | Y46: =(X46-T46)/T46
B49: 美国 | J49: 加拿大
B50: 大盘月度趋势预测 | J50: 大盘月度趋势预测
B51: 月份 | C51: 2024年大盘销量 | D51: 2025大盘销量 | E51: 2026大盘销量 | F51: 2025月度同比 | G51: 2026月度同比 | H51: 2027预测大盘增速 | J51: 月份 | K51: 2024年大盘销量 | L51: 2025大盘销量 | M51: 2026大盘销量 | N51: 2025月度同比 | O51: 2026月度同比 | P51: 2027预测大盘
B52: 01月 | C52: 84794 | D52: 101991 | E52: 87343 | F52: =IFERROR(D52/C52-1,0) | G52: =IFERROR(E52/D52-1,0) | H52: =$C$4*0.5+G52*0.3+G53*0.2 | J52: 01月 | K52: 383 | L52: 1930 | M52: 3271 | N52: =IFERROR(L52/K52-1,0) | O52: =IFERROR(M52/L52-1,0) | P52: =$C$8*0.5+0.3*O52+O53*0.25
B53: 02月 | C53: 108354 | D53: 123187 | E53: 109170 | F53: =IFERROR(D53/C53-1,0) | G53: =IFERROR(E53/D53-1,0) | H53: =$C$4*0.5+G53*0.3+G54*0.2 | J53: 02月 | K53: 751 | L53: 3132 | M53: 3985 | N53: =IFERROR(L53/K53-1,0) | O53: =IFERROR(M53/L53-1,0) | P53: =$C$8*0.5+0.3*O53+O54*0.25
B54: 03月 | C54: 233983 | D54: 255621 | E54: 275204 | F54: =IFERROR(D54/C54-1,0) | G54: =IFERROR(E54/D54-1,0) | H54: =$C$4*0.5+G54*0.3+G55*0.2 | J54: 03月 | K54: 1766 | L54: 7295 | M54: 8218 | N54: =IFERROR(L54/K54-1,0) | O54: =IFERROR(M54/L54-1,0) | P54: =$C$8*0.5+0.3*O54+O55*0.25
B55: 04月 | C55: 347426 | D55: 364728 | E55: 369265 | F55: =IFERROR(D55/C55-1,0) | G55: =IFERROR(E55/D55-1,0) | H55: =$C$4*0.5+G55*0.3+G56*0.2 | J55: 04月 | K55: 7129 | L55: 18925 | M55: 18967 | N55: =IFERROR(L55/K55-1,0) | O55: =IFERROR(M55/L55-1,0) | P55: =$C$8*0.5+0.3*O55+O56*0.25
B56: 05月 | C56: 449824 | D56: 484252 | E56: 471247 | F56: =IFERROR(D56/C56-1,0) | G56: =IFERROR(E56/D56-1,0) | H56: =$C$4*0.5+G56*0.3+G57*0.2 | J56: 05月 | K56: 13704 | L56: 31783 | M56: 50159 | N56: =IFERROR(L56/K56-1,0) | O56: =IFERROR(M56/L56-1,0) | P56: =$C$8*0.5+0.3*O56+O57*0.25
B57: 06月 | C57: 403338 | D57: 451986 | E57: =519614*0.87 | F57: =IFERROR(D57/C57-1,0) | G57: =IFERROR(E57/D57-1,0) | H57: =$C$4*0.5+G57*0.3+G58*0.2 | J57: 06月 | K57: 17270 | L57: 29302 | M57: 44006 | N57: =IFERROR(L57/K57-1,0) | O57: =IFERROR(M57/L57-1,0) | P57: =$C$8*0.5+0.5*O57
B58: 07月 | C58: 380697 | D58: 402639 | E58: 328894 | F58: =IFERROR(D58/C58-1,0) | G58: =IFERROR(E58/D58-1,0) | H58: =$C$4*0.5+G58*0.3+F58*0.2 | K58: =SUM(K52:K57) | L58: =SUM(L52:L57) | M58: =SUM(M52:M57)
U60: =50000*0.005

Sheet 产品基础信息
A1: 站点 | B1: 父ASIN | C1: 父msku | D1: SPU | E1: 核心对标竞品 (ASIN) | F1: 备注
A2: US | B2: B0CSKDP26Z | C2: PDD25-A | E2: B0CC8M92B9
A3: US | B3: B0BSKX7ZHN | C3: PPDD05 | E3: B0C2YVV59F
A4: US | B4: B0B2PCVNYJ | C4: PPDD03-new diamond | E4: B091YMYV7Q
A5: US | B5: B0CCJ2MH3N | C5: PPD17 | E5: B09YCTD74F
A6: US | B6: B0D17P9F9S | C6: PPDD33 | D6: PD33、PPDD33 | E6: B0CMTKTYCQ
A7: US | B7: B0D4PHQJYJ | C7: PD52 | E7: B0CMTKTYCQ
A8: US | B8: B0FWJY4CCQ | C8: PD39-NEW | D8: PD39、PPDD39、PDM071 | E8: B0CMTKTYCQ
A9: US | B9: B0DBPK9CTR | C9: XD03 | E9: B0DP7BQ88V
A10: US | B10: B0DBLYWHF4 | C10: XD17 | E10: B0DBPNHHVP
A11: CA | B11: B0CT5G5TVT | C11: CPPDD03-NEW | E11: B0DFM4LVRV
A12: CA | B12: B0D3J2Q1JM | C12: NEWCPD17 | E12: B0BNDLPW1L
A13: CA | B13: B0D3TS4TYR | C13: CPD05-1 | E13: B0CLNRF9P3
A14: CA | B14: B0DRFTHNM8 | C14: CPDD25 | E14: B0BNDD4CR4

Sheet 历史月度销量
B1: 站点 | C1: 父ASIN | D1: 月度增长速率 | P1: 2026年 | V1: 月度销量占比 | AH1: 2026年 | AN1: 2024年 | AZ1: 2025年 | BL1: 2026年 | BY1: 2027年(大盘年度增幅) | CE1: 0.039223415 | CF1: 2027年(大盘月度增幅) | CL1: 2027年(自身修正占比)
D2: 1月 | E2: 2月 | F2: 3月 | G2: 4月 | H2: 5月 | I2: 6月 | J2: 7月 | K2: 8月 | L2: 9月 | M2: 10月 | N2: 11月 | O2: 12月 | P2: 1月 | Q2: 2月 | R2: 3月 | S2: 4月 | T2: 5月 | U2: 6月 | V2: 1月 | W2: 2月 | X2: 3月 | Y2: 4月 | Z2: 5月 | AA2: 6月 | AB2: 7月 | AC2: 8月 | AD2: 9月 | AE2: 10月 | AF2: 11月 | AG2: 12月 | AH2: 1月 | AI2: 2月 | AJ2: 3月 | AK2: 4月 | AL2: 5月 | AM2: 6月 | AN2: 1月 | AO2: 2月 | AP2: 3月 | AQ2: 4月 | AR2: 5月 | AS2: 6月 | AT2: 7月 | AU2: 8月 | AV2: 9月 | AW2: 10月 | AX2: 11月 | AY2: 12月 | AZ2: 1月 | BA2: 2月 | BB2: 3月 | BC2: 4月 | BD2: 5月 | BE2: 6月 | BF2: 7月 | BG2: 8月 | BH2: 9月 | BI2: 10月 | BJ2: 11月 | BK2: 12月 | BL2: 1月 | BM2: 2月 | BN2: 3月 | BO2: 4月 | BP2: 5月 | BQ2: 6月加权销量 | BR2: 7月 | BS2: 6月实际销量 | BT2: 25年合计 | BU2: 月均值 | BV2: 26年合计 | BX2: 月均值 | BY2: 1月 | BZ2: 2月 | CA2: 3月 | CB2: 4月 | CC2: 5月 | CD2: 6月 | CF2: 1月 | CG2: 2月 | CH2: 3月 | CI2: 4月 | CJ2: 5月 | CK2: 6月 | CL2: 1月 | CM2: 2月 | CN2: 3月 | CO2: 4月 | CP2: 5月 | CQ2: 6月
A3: {=_xlfn.XLOOKUP(C3,'产品基础信息'!B:B,'产品基础信息'!C:C)} | B3: ='产品基础信息'!A2 | C3: ='产品基础信息'!B2 | D3: 0 | E3: =IFERROR((BA3-AZ3)/AZ3,"-") | F3: =IFERROR((BB3-BA3)/BA3,"-") | G3: =IFERROR((BC3-BB3)/BB3,"-") | H3: =IFERROR((BD3-BC3)/BC3,"-") | I3: =IFERROR((BE3-BD3)/BD3,"-") | J3: =IFERROR((BF3-BE3)/BE3,"-") | K3: =IFERROR((BG3-BF3)/BF3,"-") | L3: =IFERROR((BH3-BG3)/BG3,"-") | ... U3: =IFERROR((BQ3-BP3)/BP3,"-") | V3: =AZ3/SUM($AZ3:$BE3) | W3: =BA3/SUM($AZ3:$BE3) | X3: =BB3/SUM($AZ3:$BE3) | Y3: =BC3/SUM($AZ3:$BE3) | Z3: =BD3/SUM($AZ3:$BE3) | AA3: =BE3/SUM($AZ3:$BE3) | AH3: =BL3/SUM($BL3:$BQ3) | AI3: =BM3/SUM($BL3:$BQ3) | AJ3: =BN3/SUM($BL3:$BQ3) | AK3: =BO3/SUM($BL3:$BQ3) | AL3: =BP3/SUM($BL3:$BQ3) | AM3: =BQ3/SUM($BL3:$BQ3) | AZ3: =SUMIFS('25年实际销量'!M:M,'25年实际销量'!$A:$A,$C:$C) | BA3: =SUMIFS('25年实际销量'!N:N,'25年实际销量'!$A:$A,$C:$C) | BB3: =SUMIFS('25年实际销量'!O:O,'25年实际销量'!$A:$A,$C:$C) | BC3: =SUMIFS('25年实际销量'!P:P,'25年实际销量'!$A:$A,$C:$C) | BD3: =SUMIFS('25年实际销量'!Q:Q,'25年实际销量'!$A:$A,$C:$C) | BE3: =SUMIFS('25年实际销量'!R:R,'25年实际销量'!$A:$A,$C:$C) | BF3: =SUMIFS('25年实际销量'!S:S,'25年实际销量'!$A:$A,$C:$C) | BG3: =SUMIFS('25年实际销量'!T:T,'25年实际销量'!$A:$A,$C:$C) | BH3: =SUMIFS('25年实际销量'!U:U,'25年实际销量'!$A:$A,$C:$C) | BI3: =SUMIFS('25年实际销量'!V:V,'25年实际销量'!$A:$A,$C:$C) | BJ3: =SUMIFS('25年实际销量'!W:W,'25年实际销量'!$A:$A,$C:$C) | BK3: =SUMIFS('25年实际销量'!X:X,'25年实际销量'!$A:$A,$C:$C) | BL3: =SUMIFS('26年实际销量'!R:R,'26年实际销量'!$A:$A,$C:$C) | BM3: =SUMIFS('26年实际销量'!S:S,'26年实际销量'!$A:$A,$C:$C) | BN3: =SUMIFS('26年实际销量'!T:T,'26年实际销量'!$A:$A,$C:$C) | BO3: =SUMIFS('26年实际销量'!U:U,'26年实际销量'!$A:$A,$C:$C) | BP3: =SUMIFS('26年实际销量'!V:V,'26年实际销量'!$A:$A,$C:$C) | BQ3: =BS3*0.6+BR3*0.4 | BR3: {=_xlfn.XLOOKUP(C:C,'26年实际销量'!A:A,'26年实际销量'!X:X)} | BS3: 7492 | BT3: =SUM(AZ3:BK3) | BU3: =IF(BT3=0,0,BT3/12) | BV3: =SUM(BL3:BQ3) | BW3: {=_xlfn.XLOOKUP(C:C,'基础销量预测-计划端'!C:C,'基础销量预测-计划端'!AG:AG)} | BX3: =IF(BV3=0,0,BV3/6) | BY3: =ROUND(BL3*($CE$1+1),0) | BZ3: =ROUND(BM3*($CE$1+1),0) | CA3: =ROUND(BN3*($CE$1+1),0) | CB3: =ROUND(BO3*($CE$1+1),0) | CC3: =ROUND(BP3*($CE$1+1),0) | CD3: =ROUND(BQ3*($CE$1+1),0) | CL3: =(AH3*0.7+V3*0.3) | CM3: =(AI3*0.7+W3*0.3) | CN3: =(AJ3*0.7+X3*0.3) | CO3: =(AK3*0.7+Y3*0.3) | CP3: =(AL3*0.7+Z3*0.3) | CQ3: =(AM3*0.7+AA3*0.3)
A4: {=_xlfn.XLOOKUP(C4,'产品基础信息'!B:B,'产品基础信息'!C:C)} | B4: ='产品基础信息'!A3 | C4: ='产品基础信息'!B3 | D4: 0 | E4: =(BA4-AZ4)/AZ4 | F4: =(BB4-BA4)/BA4 | G4: =(BC4-BB4)/BB4 | H4: =(BD4-BC4)/BC4 | I4: =(BE4-BD4)/BD4 | J4: =(BF4-BE4)/BE4 | K4: =(BG4-BF4)/BF4 | L4: =(BH4-BG4)/BG4 | ... U4: =(BQ4-BP4)/BP4 | V4: =AZ4/SUM($AZ4:$BE4) | W4: =BA4/SUM($AZ4:$BE4) | X4: =BB4/SUM($AZ4:$BE4) | Y4: =BC4/SUM($AZ4:$BE4) | Z4: =BD4/SUM($AZ4:$BE4) | AA4: =BE4/SUM($AZ4:$BE4) | AH4: =BL4/SUM($BL4:$BQ4) | AI4: =BM4/SUM($BL4:$BQ4) | AJ4: =BN4/SUM($BL4:$BQ4) | AK4: =BO4/SUM($BL4:$BQ4) | AL4: =BP4/SUM($BL4:$BQ4) | AM4: =BQ4/SUM($BL4:$BQ4) | AZ4: =SUMIFS('25年实际销量'!M:M,'25年实际销量'!$A:$A,$C:$C) | BA4: =SUMIFS('25年实际销量'!N:N,'25年实际销量'!$A:$A,$C:$C) | BB4: =SUMIFS('25年实际销量'!O:O,'25年实际销量'!$A:$A,$C:$C) | BC4: =SUMIFS('25年实际销量'!P:P,'25年实际销量'!$A:$A,$C:$C) | BD4: =SUMIFS('25年实际销量'!Q:Q,'25年实际销量'!$A:$A,$C:$C) | BE4: =SUMIFS('25年实际销量'!R:R,'25年实际销量'!$A:$A,$C:$C) | BF4: =SUMIFS('25年实际销量'!S:S,'25年实际销量'!$A:$A,$C:$C) | BG4: =SUMIFS('25年实际销量'!T:T,'25年实际销量'!$A:$A,$C:$C) | BH4: =SUMIFS('25年实际销量'!U:U,'25年实际销量'!$A:$A,$C:$C) | BI4: =SUMIFS('25年实际销量'!V:V,'25年实际销量'!$A:$A,$C:$C) | BJ4: =SUMIFS('25年实际销量'!W:W,'25年实际销量'!$A:$A,$C:$C) | BK4: =SUMIFS('25年实际销量'!X:X,'25年实际销量'!$A:$A,$C:$C) | BL4: =SUMIFS('26年实际销量'!R:R,'26年实际销量'!$A:$A,$C:$C) | BM4: =SUMIFS('26年实际销量'!S:S,'26年实际销量'!$A:$A,$C:$C) | BN4: =SUMIFS('26年实际销量'!T:T,'26年实际销量'!$A:$A,$C:$C) | BO4: =SUMIFS('26年实际销量'!U:U,'26年实际销量'!$A:$A,$C:$C) | BP4: =SUMIFS('26年实际销量'!V:V,'26年实际销量'!$A:$A,$C:$C) | BQ4: =BS4*0.6+BR4*0.4 | BR4: {=_xlfn.XLOOKUP(C:C,'26年实际销量'!A:A,'26年实际销量'!X:X)} | BS4: 9323 | BT4: =SUM(AZ4:BK4) | BU4: =IF(BT4=0,0,BT4/12) | BV4: =SUM(BL4:BQ4) | BW4: {=_xlfn.XLOOKUP(C:C,'基础销量预测-计划端'!C:C,'基础销量预测-计划端'!AG:AG)} | BX4: =IF(BV4=0,0,BV4/6) | BY4: =ROUND(BL4*($CE$1+1),0) | BZ4: =ROUND(BM4*($CE$1+1),0) | CA4: =ROUND(BN4*($CE$1+1),0) | CB4: =ROUND(BO4*($CE$1+1),0) | CC4: =ROUND(BP4*($CE$1+1),0) | CD4: =ROUND(BQ4*($CE$1+1),0) | CL4: =(AH4*0.7+V4*0.3) | CM4: =(AI4*0.7+W4*0.3) | CN4: =(AJ4*0.7+X4*0.3) | CO4: =(AK4*0.7+Y4*0.3) | CP4: =(AL4*0.7+Z4*0.3) | CQ4: =(AM4*0.7+AA4*0.3)
A5: {=_xlfn.XLOOKUP(C5,'产品基础信息'!B:B,'产品基础信息'!C:C)} | B5: ='产品基础信息'!A4 | C5: ='产品基础信息'!B4 | D5: 0 | E5: =(BA5-AZ5)/AZ5 | F5: =(BB5-BA5)/BA5 | G5: =(BC5-BB5)/BB5 | H5: =(BD5-BC5)/BC5 | I5: =(BE5-BD5)/BD5 | J5: =(BF5-BE5)/BE5 | K5: =(BG5-BF5)/BF5 | L5: =(BH5-BG5)/BG5 | ... U5: =(BQ5-BP5)/BP5 | V5: =AZ5/SUM($AZ5:$BE5) | W5: =BA5/SUM($AZ5:$BE5) | X5: =BB5/SUM($AZ5:$BE5) | Y5: =BC5/SUM($AZ5:$BE5) | Z5: =BD5/SUM($AZ5:$BE5) | AA5: =BE5/SUM($AZ5:$BE5) | AH5: =BL5/SUM($BL5:$BQ5) | AI5: =BM5/SUM($BL5:$BQ5) | AJ5: =BN5/SUM($BL5:$BQ5) | AK5: =BO5/SUM($BL5:$BQ5) | AL5: =BP5/SUM($BL5:$BQ5) | AM5: =BQ5/SUM($BL5:$BQ5) | AZ5: =SUMIFS('25年实际销量'!M:M,'25年实际销量'!$A:$A,$C:$C) | BA5: =SUMIFS('25年实际销量'!N:N,'25年实际销量'!$A:$A,$C:$C) | BB5: =SUMIFS('25年实际销量'!O:O,'25年实际销量'!$A:$A,$C:$C) | BC5: =SUMIFS('25年实际销量'!P:P,'25年实际销量'!$A:$A,$C:$C) | BD5: =SUMIFS('25年实际销量'!Q:Q,'25年实际销量'!$A:$A,$C:$C) | BE5: =SUMIFS('25年实际销量'!R:R,'25年实际销量'!$A:$A,$C:$C) | BF5: =SUMIFS('25年实际销量'!S:S,'25年实际销量'!$A:$A,$C:$C) | BG5: =SUMIFS('25年实际销量'!T:T,'25年实际销量'!$A:$A,$C:$C) | BH5: =SUMIFS('25年实际销量'!U:U,'25年实际销量'!$A:$A,$C:$C) | BI5: =SUMIFS('25年实际销量'!V:V,'25年实际销量'!$A:$A,$C:$C) | BJ5: =SUMIFS('25年实际销量'!W:W,'25年实际销量'!$A:$A,$C:$C) | BK5: =SUMIFS('25年实际销量'!X:X,'25年实际销量'!$A:$A,$C:$C) | BL5: =SUMIFS('26年实际销量'!R:R,'26年实际销量'!$A:$A,$C:$C) | BM5: =SUMIFS('26年实际销量'!S:S,'26年实际销量'!$A:$A,$C:$C) | BN5: =SUMIFS('26年实际销量'!T:T,'26年实际销量'!$A:$A,$C:$C) | BO5: =SUMIFS('26年实际销量'!U:U,'26年实际销量'!$A:$A,$C:$C) | BP5: =SUMIFS('26年实际销量'!V:V,'26年实际销量'!$A:$A,$C:$C) | BQ5: =BS5*0.6+BR5*0.4 | BR5: {=_xlfn.XLOOKUP(C:C,'26年实际销量'!A:A,'26年实际销量'!X:X)} | BS5: 19707 | BT5: =SUM(AZ5:BK5) | BU5: =IF(BT5=0,0,BT5/12) | BV5: =SUM(BL5:BQ5) | BW5: {=_xlfn.XLOOKUP(C:C,'基础销量预测-计划端'!C:C,'基础销量预测-计划端'!AG:AG)} | BX5: =IF(BV5=0,0,BV5/6) | BY5: =ROUND(BL5*($CE$1+1),0) | BZ5: =ROUND(BM5*($CE$1+1),0) | CA5: =ROUND(BN5*($CE$1+1),0) | CB5: =ROUND(BO5*($CE$1+1),0) | CC5: =ROUND(BP5*($CE$1+1),0) | CD5: =ROUND(BQ5*($CE$1+1),0) | CL5: =(AH5*0.7+V5*0.3) | CM5: =(AI5*0.7+W5*0.3) | CN5: =(AJ5*0.7+X5*0.3) | CO5: =(AK5*0.7+Y5*0.3) | CP5: =(AL5*0.7+Z5*0.3) | CQ5: =(AM5*0.7+AA5*0.3)
A6: {=_xlfn.XLOOKUP(C6,'产品基础信息'!B:B,'产品基础信息'!C:C)} | B6: ='产品基础信息'!A5 | C6: ='产品基础信息'!B5 | D6: 0 | E6: =(BA6-AZ6)/AZ6 | F6: =(BB6-BA6)/BA6 | G6: =(BC6-BB6)/BB6 | H6: =(BD6-BC6)/BC6 | I6: =(BE6-BD6)/BD6 | J6: =(BF6-BE6)/BE6 | K6: =(BG6-BF6)/BF6 | L6: =(BH6-BG6)/BG6 | ... U6: =(BQ6-BP6)/BP6 | V6: =AZ6/SUM($AZ6:$BE6) | W6: =BA6/SUM($AZ6:$BE6) | X6: =BB6/SUM($AZ6:$BE6) | Y6: =BC6/SUM($AZ6:$BE6) | Z6: =BD6/SUM($AZ6:$BE6) | AA6: =BE6/SUM($AZ6:$BE6) | AH6: =BL6/SUM($BL6:$BQ6) | AI6: =BM6/SUM($BL6:$BQ6) | AJ6: =BN6/SUM($BL6:$BQ6) | AK6: =BO6/SUM($BL6:$BQ6) | AL6: =BP6/SUM($BL6:$BQ6) | AM6: =BQ6/SUM($BL6:$BQ6) | AZ6: =SUMIFS('25年实际销量'!M:M,'25年实际销量'!$A:$A,$C:$C) | BA6: =SUMIFS('25年实际销量'!N:N,'25年实际销量'!$A:$A,$C:$C) | BB6: =SUMIFS('25年实际销量'!O:O,'25年实际销量'!$A:$A,$C:$C) | BC6: =SUMIFS('25年实际销量'!P:P,'25年实际销量'!$A:$A,$C:$C) | BD6: =SUMIFS('25年实际销量'!Q:Q,'25年实际销量'!$A:$A,$C:$C) | BE6: =SUMIFS('25年实际销量'!R:R,'25年实际销量'!$A:$A,$C:$C) | BF6: =SUMIFS('25年实际销量'!S:S,'25年实际销量'!$A:$A,$C:$C) | BG6: =SUMIFS('25年实际销量'!T:T,'25年实际销量'!$A:$A,$C:$C) | BH6: =SUMIFS('25年实际销量'!U:U,'25年实际销量'!$A:$A,$C:$C) | BI6: =SUMIFS('25年实际销量'!V:V,'25年实际销量'!$A:$A,$C:$C) | BJ6: =SUMIFS('25年实际销量'!W:W,'25年实际销量'!$A:$A,$C:$C) | BK6: =SUMIFS('25年实际销量'!X:X,'25年实际销量'!$A:$A,$C:$C) | BL6: =SUMIFS('26年实际销量'!R:R,'26年实际销量'!$A:$A,$C:$C) | BM6: =SUMIFS('26年实际销量'!S:S,'26年实际销量'!$A:$A,$C:$C) | BN6: =SUMIFS('26年实际销量'!T:T,'26年实际销量'!$A:$A,$C:$C) | BO6: =SUMIFS('26年实际销量'!U:U,'26年实际销量'!$A:$A,$C:$C) | BP6: =SUMIFS('26年实际销量'!V:V,'26年实际销量'!$A:$A,$C:$C) | BQ6: =BS6*0.6+BR6*0.4 | BR6: {=_xlfn.XLOOKUP(C:C,'26年实际销量'!A:A,'26年实际销量'!X:X)} | BS6: 21889 | BT6: =SUM(AZ6:BK6) | BU6: =IF(BT6=0,0,BT6/12) | BV6: =SUM(BL6:BQ6) | BW6: {=_xlfn.XLOOKUP(C:C,'基础销量预测-计划端'!C:C,'基础销量预测-计划端'!AG:AG)} | BX6: =IF(BV6=0,0,BV6/6) | BY6: =ROUND(BL6*($CE$1+1),0) | BZ6: =ROUND(BM6*($CE$1+1),0) | CA6: =ROUND(BN6*($CE$1+1),0) | CB6: =ROUND(BO6*($CE$1+1),0) | CC6: =ROUND(BP6*($CE$1+1),0) | CD6: =ROUND(BQ6*($CE$1+1),0) | CL6: =(AH6*0.7+V6*0.3) | CM6: =(AI6*0.7+W6*0.3) | CN6: =(AJ6*0.7+X6*0.3) | CO6: =(AK6*0.7+Y6*0.3) | CP6: =(AL6*0.7+Z6*0.3) | CQ6: =(AM6*0.7+AA6*0.3)
A7: {=_xlfn.XLOOKUP(C7,'产品基础信息'!B:B,'产品基础信息'!C:C)} | B7: ='产品基础信息'!A6 | C7: ='产品基础信息'!B6 | D7: =AZ7/SUM($AZ7:$BK7) | E7: =(BA7-AZ7)/AZ7 | F7: =(BB7-BA7)/BA7 | G7: =(BC7-BB7)/BB7 | H7: =(BD7-BC7)/BC7 | I7: =(BE7-BD7)/BD7 | J7: =(BF7-BE7)/BE7 | K7: =(BG7-BF7)/BF7 | L7: =(BH7-BG7)/BG7 | ... O7: =(BK7-BJ7)/BJ7 | P7: =BL7/SUM($BL7:$BQ7) | Q7: =BM7/SUM($BL7:$BQ7) | R7: =BN7/SUM($BL7:$BQ7) | S7: =BO7/SUM($BL7:$BQ7) | T7: =BP7/SUM($BL7:$BQ7) | U7: =BQ7/SUM($BL7:$BQ7) | V7: =AZ7/SUM($AZ7:$BE7) | W7: =BA7/SUM($AZ7:$BE7) | X7: =BB7/SUM($AZ7:$BE7) | Y7: =BC7/SUM($AZ7:$BE7) | Z7: =BD7/SUM($AZ7:$BE7) | AA7: =BE7/SUM($AZ7:$BE7) | AH7: =BL7/SUM($BL7:$BQ7) | AI7: =BM7/SUM($BL7:$BQ7) | AJ7: =BN7/SUM($BL7:$BQ7) | AK7: =BO7/SUM($BL7:$BQ7) | AL7: =BP7/SUM($BL7:$BQ7) | AM7: =BQ7/SUM($BL7:$BQ7) | AZ7: =SUMIFS('25年实际销量'!M:M,'25年实际销量'!$A:$A,$C:$C) | BA7: =SUMIFS('25年实际销量'!N:N,'25年实际销量'!$A:$A,$C:$C) | BB7: =SUMIFS('25年实际销量'!O:O,'25年实际销量'!$A:$A,$C:$C) | BC7: =SUMIFS('25年实际销量'!P:P,'25年实际销量'!$A:$A,$C:$C) | BD7: =SUMIFS('25年实际销量'!Q:Q,'25年实际销量'!$A:$A,$C:$C) | BE7: =SUMIFS('25年实际销量'!R:R,'25年实际销量'!$A:$A,$C:$C) | BF7: =SUMIFS('25年实际销量'!S:S,'25年实际销量'!$A:$A,$C:$C) | BG7: =SUMIFS('25年实际销量'!T:T,'25年实际销量'!$A:$A,$C:$C) | BH7: =SUMIFS('25年实际销量'!U:U,'25年实际销量'!$A:$A,$C:$C) | BI7: =SUMIFS('25年实际销量'!V:V,'25年实际销量'!$A:$A,$C:$C) | BJ7: =SUMIFS('25年实际销量'!W:W,'25年实际销量'!$A:$A,$C:$C) | BK7: =SUMIFS('25年实际销量'!X:X,'25年实际销量'!$A:$A,$C:$C) | BL7: =SUMIFS('26年实际销量'!R:R,'26年实际销量'!$A:$A,$C:$C) | BM7: =SUMIFS('26年实际销量'!S:S,'26年实际销量'!$A:$A,$C:$C) | BN7: =SUMIFS('26年实际销量'!T:T,'26年实际销量'!$A:$A,$C:$C) | BO7: =SUMIFS('26年实际销量'!U:U,'26年实际销量'!$A:$A,$C:$C) | BP7: =SUMIFS('26年实际销量'!V:V,'26年实际销量'!$A:$A,$C:$C) | BQ7: =BS7*0.6+BR7*0.4 | BR7: {=_xlfn.XLOOKUP(C:C,'26年实际销量'!A:A,'26年实际销量'!X:X)} | BS7: 1390 | BT7: =SUM(AZ7:BK7) | BU7: =IF(BT7=0,0,BT7/12) | BV7: =SUM(BL7:BQ7) | BW7: {=_xlfn.XLOOKUP(C:C,'基础销量预测-计划端'!C:C,'基础销量预测-计划端'!AG:AG)} | BX7: =IF(BV7=0,0,BV7/6) | BY7: =ROUND(BL7*($CE$1+1),0) | BZ7: =ROUND(BM7*($CE$1+1),0) | CA7: =ROUND(BN7*($CE$1+1),0) | CB7: =ROUND(BO7*($CE$1+1),0) | CC7: =ROUND(BP7*($CE$1+1),0) | CD7: =ROUND(BQ7*($CE$1+1),0) | CL7: =(AH7*0.7+V7*0.3) | CM7: =(AI7*0.7+W7*0.3) | CN7: =(AJ7*0.7+X7*0.3) | CO7: =(AK7*0.7+Y7*0.3) | CP7: =(AL7*0.7+Z7*0.3) | CQ7: =(AM7*0.7+AA7*0.3)
A8: {=_xlfn.XLOOKUP(C8,'产品基础信息'!B:B,'产品基础信息'!C:C)} | B8: ='产品基础信息'!A7 | C8: ='产品基础信息'!B7 | D8: =AZ8/SUM($AZ8:$BK8) | E8: =(BA8-AZ8)/AZ8 | F8: =(BB8-BA8)/BA8 | G8: =(BC8-BB8)/BB8 | H8: =(BD8-BC8)/BC8 | I8: =(BE8-BD8)/BD8 | J8: =(BF8-BE8)/BE8 | K8: =(BG8-BF8)/BF8 | L8: =(BH8-BG8)/BG8 | ... O8: =(BK8-BJ8)/BJ8 | P8: =BL8/SUM($BL8:$BQ8) | Q8: =BM8/SUM($BL8:$BQ8) | R8: =BN8/SUM($BL8:$BQ8) | S8: =BO8/SUM($BL8:$BQ8) | T8: =BP8/SUM($BL8:$BQ8) | U8: =BQ8/SUM($BL8:$BQ8) | V8: =AZ8/SUM($AZ8:$BE8) | W8: =BA8/SUM($AZ8:$BE8) | X8: =BB8/SUM($AZ8:$BE8) | Y8: =BC8/SUM($AZ8:$BE8) | Z8: =BD8/SUM($AZ8:$BE8) | AA8: =BE8/SUM($AZ8:$BE8) | AH8: =BL8/SUM($BL8:$BQ8) | AI8: =BM8/SUM($BL8:$BQ8) | AJ8: =BN8/SUM($BL8:$BQ8) | AK8: =BO8/SUM($BL8:$BQ8) | AL8: =BP8/SUM($BL8:$BQ8) | AM8: =BQ8/SUM($BL8:$BQ8) | AZ8: =SUMIFS('25年实际销量'!M:M,'25年实际销量'!$A:$A,$C:$C) | BA8: =SUMIFS('25年实际销量'!N:N,'25年实际销量'!$A:$A,$C:$C) | BB8: =SUMIFS('25年实际销量'!O:O,'25年实际销量'!$A:$A,$C:$C) | BC8: =SUMIFS('25年实际销量'!P:P,'25年实际销量'!$A:$A,$C:$C) | BD8: =SUMIFS('25年实际销量'!Q:Q,'25年实际销量'!$A:$A,$C:$C) | BE8: =SUMIFS('25年实际销量'!R:R,'25年实际销量'!$A:$A,$C:$C) | BF8: =SUMIFS('25年实际销量'!S:S,'25年实际销量'!$A:$A,$C:$C) | BG8: =SUMIFS('25年实际销量'!T:T,'25年实际销量'!$A:$A,$C:$C) | BH8: =SUMIFS('25年实际销量'!U:U,'25年实际销量'!$A:$A,$C:$C) | BI8: =SUMIFS('25年实际销量'!V:V,'25年实际销量'!$A:$A,$C:$C) | BJ8: =SUMIFS('25年实际销量'!W:W,'25年实际销量'!$A:$A,$C:$C) | BK8: =SUMIFS('25年实际销量'!X:X,'25年实际销量'!$A:$A,$C:$C) | BL8: =SUMIFS('26年实际销量'!R:R,'26年实际销量'!$A:$A,$C:$C) | BM8: =SUMIFS('26年实际销量'!S:S,'26年实际销量'!$A:$A,$C:$C) | BN8: =SUMIFS('26年实际销量'!T:T,'26年实际销量'!$A:$A,$C:$C) | BO8: =SUMIFS('26年实际销量'!U:U,'26年实际销量'!$A:$A,$C:$C) | BP8: =SUMIFS('26年实际销量'!V:V,'26年实际销量'!$A:$A,$C:$C) | BQ8: =BS8*0.6+BR8*0.4 | BR8: {=_xlfn.XLOOKUP(C:C,'26年实际销量'!A:A,'26年实际销量'!X:X)} | BS8: 1897 | BT8: =SUM(AZ8:BK8) | BU8: =IF(BT8=0,0,BT8/12) | BV8: =SUM(BL8:BQ8) | BW8: {=_xlfn.XLOOKUP(C:C,'基础销量预测-计划端'!C:C,'基础销量预测-计划端'!AG:AG)} | BX8: =IF(BV8=0,0,BV8/6) | BY8: =ROUND(BL8*($CE$1+1),0) | BZ8: =ROUND(BM8*($CE$1+1),0) | CA8: =ROUND(BN8*($CE$1+1),0) | CB8: =ROUND(BO8*($CE$1+1),0) | CC8: =ROUND(BP8*($CE$1+1),0) | CD8: =ROUND(BQ8*($CE$1+1),0) | CL8: =(AH8*0.7+V8*0.3) | CM8: =(AI8*0.7+W8*0.3) | CN8: =(AJ8*0.7+X8*0.3) | CO8: =(AK8*0.7+Y8*0.3) | CP8: =(AL8*0.7+Z8*0.3) | CQ8: =(AM8*0.7+AA8*0.3)
A9: {=_xlfn.XLOOKUP(C9,'产品基础信息'!B:B,'产品基础信息'!C:C)} | B9: ='产品基础信息'!A8 | C9: ='产品基础信息'!B8 | D9: 0 | E9: =(BA9-AZ9)/AZ9 | F9: =(BB9-BA9)/BA9 | G9: =(BC9-BB9)/BB9 | H9: =(BD9-BC9)/BC9 | I9: =(BE9-BD9)/BD9 | J9: =(BF9-BE9)/BE9 | K9: =(BG9-BF9)/BF9 | L9: =(BH9-BG9)/BG9 | ... O9: =(BK9-BJ9)/BJ9 | P9: 0 | Q9: 0 | R9: 0 | S9: =(BO9-BN9)/BN9 | T9: =(BP9-BO9)/BO9 | U9: =(BQ9-BP9)/BP9 | V9: 0 | W9: 0 | X9: 0 | Y9: 0 | Z9: 0 | AA9: 0 | AH9: =BL9/SUM($BL9:$BQ9) | AI9: =BM9/SUM($BL9:$BQ9) | AJ9: =BN9/SUM($BL9:$BQ9) | AK9: =BO9/SUM($BL9:$BQ9) | AL9: =BP9/SUM($BL9:$BQ9) | AM9: =BQ9/SUM($BL9:$BQ9) | AZ9: =SUMIFS('25年实际销量'!M:M,'25年实际销量'!$A:$A,$C:$C) | BA9: =SUMIFS('25年实际销量'!N:N,'25年实际销量'!$A:$A,$C:$C) | BB9: =SUMIFS('25年实际销量'!O:O,'25年实际销量'!$A:$A,$C:$C) | BC9: =SUMIFS('25年实际销量'!P:P,'25年实际销量'!$A:$A,$C:$C) | BD9: =SUMIFS('25年实际销量'!Q:Q,'25年实际销量'!$A:$A,$C:$C) | BE9: =SUMIFS('25年实际销量'!R:R,'25年实际销量'!$A:$A,$C:$C) | BF9: =SUMIFS('25年实际销量'!S:S,'25年实际销量'!$A:$A,$C:$C) | BG9: =SUMIFS('25年实际销量'!T:T,'25年实际销量'!$A:$A,$C:$C) | BH9: =SUMIFS('25年实际销量'!U:U,'25年实际销量'!$A:$A,$C:$C) | BI9: =SUMIFS('25年实际销量'!V:V,'25年实际销量'!$A:$A,$C:$C) | BJ9: =SUMIFS('25年实际销量'!W:W,'25年实际销量'!$A:$A,$C:$C) | BK9: =SUMIFS('25年实际销量'!X:X,'25年实际销量'!$A:$A,$C:$C) | BL9: =SUMIFS('26年实际销量'!R:R,'26年实际销量'!$A:$A,$C:$C) | BM9: =SUMIFS('26年实际销量'!S:S,'26年实际销量'!$A:$A,$C:$C) | BN9: =SUMIFS('26年实际销量'!T:T,'26年实际销量'!$A:$A,$C:$C) | BO9: =SUMIFS('26年实际销量'!U:U,'26年实际销量'!$A:$A,$C:$C) | BP9: =SUMIFS('26年实际销量'!V:V,'26年实际销量'!$A:$A,$C:$C) | BQ9: =BS9*0.6+BR9*0.4 | BR9: {=_xlfn.XLOOKUP(C:C,'26年实际销量'!A:A,'26年实际销量'!X:X)} | BS9: 1599 | BT9: =SUM(AZ9:BK9) | BU9: =IF(BT9=0,0,BT9/12) | BV9: =SUM(BL9:BQ9) | BW9: {=_xlfn.XLOOKUP(C:C,'基础销量预测-计划端'!C:C,'基础销量预测-计划端'!AG:AG)} | BX9: =IF(BV9=0,0,BV9/6) | BY9: =ROUND(BL9*($CE$1+1),0) | BZ9: =ROUND(BM9*($CE$1+1),0) | CA9: =ROUND(BN9*($CE$1+1),0) | CB9: =ROUND(BO9*($CE$1+1),0) | CC9: =ROUND(BP9*($CE$1+1),0) | CD9: =ROUND(BQ9*($CE$1+1),0) | CL9: =(AH9*0.7+V9*0.3) | CM9: =(AI9*0.7+W9*0.3) | CN9: =(AJ9*0.7+X9*0.3) | CO9: =(AK9*0.7+Y9*0.3) | CP9: =(AL9*0.7+Z9*0.3) | CQ9: =(AM9*0.7+AA9*0.3)
A10: {=_xlfn.XLOOKUP(C10,'产品基础信息'!B:B,'产品基础信息'!C:C)} | B10: ='产品基础信息'!A9 | C10: ='产品基础信息'!B9 | D10: 0 | E10: =(BA10-AZ10)/AZ10 | F10: =(BB10-BA10)/BA10 | G10: =(BC10-BB10)/BB10 | H10: =(BD10-BC10)/BC10 | I10: =(BE10-BD10)/BD10 | J10: =(BF10-BE10)/BE10 | K10: =(BG10-BF10)/BF10 | L10: =(BH10-BG10)/BG10 | ... O10: =(BK10-BJ10)/BJ10 | P10: 0 | Q10: =(BM10-BL10)/BL10 | R10: =(BN10-BM10)/BM10 | S10: =(BO10-BN10)/BN10 | T10: =(BP10-BO10)/BO10 | U10: =(BQ10-BP10)/BP10 | V10: 0 | W10: 0 | X10: 0 | Y10: 0 | Z10: 0 | AA10: 0 | AH10: =BL10/SUM($BL10:$BQ10) | AI10: =BM10/SUM($BL10:$BQ10) | AJ10: =BN10/SUM($BL10:$BQ10) | AK10: =BO10/SUM($BL10:$BQ10) | AL10: =BP10/SUM($BL10:$BQ10) | AM10: =BQ10/SUM($BL10:$BQ10) | AZ10: =SUMIFS('25年实际销量'!M:M,'25年实际销量'!$A:$A,$C:$C) | BA10: =SUMIFS('25年实际销量'!N:N,'25年实际销量'!$A:$A,$C:$C) | BB10: =SUMIFS('25年实际销量'!O:O,'25年实际销量'!$A:$A,$C:$C) | BC10: =SUMIFS('25年实际销量'!P:P,'25年实际销量'!$A:$A,$C:$C) | BD10: =SUMIFS('25年实际销量'!Q:Q,'25年实际销量'!$A:$A,$C:$C) | BE10: =SUMIFS('25年实际销量'!R:R,'25年实际销量'!$A:$A,$C:$C) | BF10: =SUMIFS('25年实际销量'!S:S,'25年实际销量'!$A:$A,$C:$C) | BG10: =SUMIFS('25年实际销量'!T:T,'25年实际销量'!$A:$A,$C:$C) | BH10: =SUMIFS('25年实际销量'!U:U,'25年实际销量'!$A:$A,$C:$C) | BI10: =SUMIFS('25年实际销量'!V:V,'25年实际销量'!$A:$A,$C:$C) | BJ10: =SUMIFS('25年实际销量'!W:W,'25年实际销量'!$A:$A,$C:$C) | BK10: =SUMIFS('25年实际销量'!X:X,'25年实际销量'!$A:$A,$C:$C) | BL10: =SUMIFS('26年实际销量'!R:R,'26年实际销量'!$A:$A,$C:$C) | BM10: =SUMIFS('26年实际销量'!S:S,'26年实际销量'!$A:$A,$C:$C) | BN10: =SUMIFS('26年实际销量'!T:T,'26年实际销量'!$A:$A,$C:$C) | BO10: =SUMIFS('26年实际销量'!U:U,'26年实际销量'!$A:$A,$C:$C) | BP10: =SUMIFS('26年实际销量'!V:V,'26年实际销量'!$A:$A,$C:$C) | BQ10: =BS10*0.6+BR10*0.4 | BR10: {=_xlfn.XLOOKUP(C:C,'26年实际销量'!A:A,'26年实际销量'!X:X)} | BS10: 1352 | BT10: =SUM(AZ10:BK10) | BU10: =IF(BT10=0,0,BT10/12) | BV10: =SUM(BL10:BQ10) | BW10: {=_xlfn.XLOOKUP(C:C,'基础销量预测-计划端'!C:C,'基础销量预测-计划端'!AG:AG)} | BX10: =IF(BV10=0,0,BV10/6) | BY10: =ROUND(BL10*($CE$1+1),0) | BZ10: =ROUND(BM10*($CE$1+1),0) | CA10: =ROUND(BN10*($CE$1+1),0) | CB10: =ROUND(BO10*($CE$1+1),0) | CC10: =ROUND(BP10*($CE$1+1),0) | CD10: =ROUND(BQ10*($CE$1+1),0) | CL10: =(AH10*0.7+V10*0.3) | CM10: =(AI10*0.7+W10*0.3) | CN10: =(AJ10*0.7+X10*0.3) | CO10: =(AK10*0.7+Y10*0.3) | CP10: =(AL10*0.7+Z10*0.3) | CQ10: =(AM10*0.7+AA10*0.3)
A11: {=_xlfn.XLOOKUP(C11,'产品基础信息'!B:B,'产品基础信息'!C:C)} | B11: ='产品基础信息'!A10 | C11: ='产品基础信息'!B10 | D11: 0 | E11: =(BA11-AZ11)/AZ11 | F11: =(BB11-BA11)/BA11 | G11: =(BC11-BB11)/BB11 | H11: =(BD11-BC11)/BC11 | I11: =(BE11-BD11)/BD11 | J11: =(BF11-BE11)/BE11 | K11: =(BG11-BF11)/BF11 | L11: =(BH11-BG11)/BG11 | ... U11: =(BQ11-BP11)/BP11 | V11: =AZ11/SUM($AZ11:$BE11) | W11: =BA11/SUM($AZ11:$BE11) | X11: =BB11/SUM($AZ11:$BE11) | Y11: =BC11/SUM($AZ11:$BE11) | Z11: =BD11/SUM($AZ11:$BE11) | AA11: =BE11/SUM($AZ11:$BE11) | AH11: =BL11/SUM($BL11:$BQ11) | AI11: =BM11/SUM($BL11:$BQ11) | AJ11: =BN11/SUM($BL11:$BQ11) | AK11: =BO11/SUM($BL11:$BQ11) | AL11: =BP11/SUM($BL11:$BQ11) | AM11: =BQ11/SUM($BL11:$BQ11) | AZ11: =SUMIFS('25年实际销量'!M:M,'25年实际销量'!$A:$A,$C:$C) | BA11: =SUMIFS('25年实际销量'!N:N,'25年实际销量'!$A:$A,$C:$C) | BB11: =SUMIFS('25年实际销量'!O:O,'25年实际销量'!$A:$A,$C:$C) | BC11: =SUMIFS('25年实际销量'!P:P,'25年实际销量'!$A:$A,$C:$C) | BD11: =SUMIFS('25年实际销量'!Q:Q,'25年实际销量'!$A:$A,$C:$C) | BE11: =SUMIFS('25年实际销量'!R:R,'25年实际销量'!$A:$A,$C:$C) | BF11: =SUMIFS('25年实际销量'!S:S,'25年实际销量'!$A:$A,$C:$C) | BG11: =SUMIFS('25年实际销量'!T:T,'25年实际销量'!$A:$A,$C:$C) | BH11: =SUMIFS('25年实际销量'!U:U,'25年实际销量'!$A:$A,$C:$C) | BI11: =SUMIFS('25年实际销量'!V:V,'25年实际销量'!$A:$A,$C:$C) | BJ11: =SUMIFS('25年实际销量'!W:W,'25年实际销量'!$A:$A,$C:$C) | BK11: =SUMIFS('25年实际销量'!X:X,'25年实际销量'!$A:$A,$C:$C) | BL11: =SUMIFS('26年实际销量'!R:R,'26年实际销量'!$A:$A,$C:$C) | BM11: =SUMIFS('26年实际销量'!S:S,'26年实际销量'!$A:$A,$C:$C) | BN11: =SUMIFS('26年实际销量'!T:T,'26年实际销量'!$A:$A,$C:$C) | BO11: =SUMIFS('26年实际销量'!U:U,'26年实际销量'!$A:$A,$C:$C) | BP11: =SUMIFS('26年实际销量'!V:V,'26年实际销量'!$A:$A,$C:$C) | BQ11: =BS11*0.6+BR11*0.4 | BR11: {=_xlfn.XLOOKUP(C:C,'26年实际销量'!A:A,'26年实际销量'!X:X)} | BS11: 2693 | BT11: =SUM(AZ11:BK11) | BU11: =IF(BT11=0,0,BT11/12) | BV11: =SUM(BL11:BQ11) | BW11: {=_xlfn.XLOOKUP(C:C,'基础销量预测-计划端'!C:C,'基础销量预测-计划端'!AG:AG)} | BX11: =IF(BV11=0,0,BV11/6) | BY11: =ROUND(BL11*($CE$1+1),0) | BZ11: =ROUND(BM11*($CE$1+1),0) | CA11: =ROUND(BN11*($CE$1+1),0) | CB11: =ROUND(BO11*($CE$1+1),0) | CC11: =ROUND(BP11*($CE$1+1),0) | CD11: =ROUND(BQ11*($CE$1+1),0) | CL11: =(AH11*0.7+V11*0.3) | CM11: =(AI11*0.7+W11*0.3) | CN11: =(AJ11*0.7+X11*0.3) | CO11: =(AK11*0.7+Y11*0.3) | CP11: =(AL11*0.7+Z11*0.3) | CQ11: =(AM11*0.7+AA11*0.3)
A12: {=_xlfn.XLOOKUP(C12,'产品基础信息'!B:B,'产品基础信息'!C:C)} | B12: ='产品基础信息'!A11 | C12: ='产品基础信息'!B11 | D12: 0 | E12: =(BA12-AZ12)/AZ12 | F12: =(BB12-BA12)/BA12 | G12: =(BC12-BB12)/BB12 | H12: =(BD12-BC12)/BC12 | I12: =(BE12-BD12)/BD12 | J12: =(BF12-BE12)/BE12 | K12: =(BG12-BF12)/BF12 | L12: =(BH12-BG12)/BG12 | ... U12: =(BQ12-BP12)/BP12 | V12: =AZ12/SUM($AZ12:$BE12) | W12: =BA12/SUM($AZ12:$BE12) | X12: =BB12/SUM($AZ12:$BE12) | Y12: =BC12/SUM($AZ12:$BE12) | Z12: =BD12/SUM($AZ12:$BE12) | AA12: =BE12/SUM($AZ12:$BE12) | AH12: =BL12/SUM($BL12:$BQ12) | AI12: =BM12/SUM($BL12:$BQ12) | AJ12: =BN12/SUM($BL12:$BQ12) | AK12: =BO12/SUM($BL12:$BQ12) | AL12: =BP12/SUM($BL12:$BQ12) | AM12: =BQ12/SUM($BL12:$BQ12) | AZ12: =SUMIFS('25年实际销量'!M:M,'25年实际销量'!$A:$A,$C:$C) | BA12: =SUMIFS('25年实际销量'!N:N,'25年实际销量'!$A:$A,$C:$C) | BB12: =SUMIFS('25年实际销量'!O:O,'25年实际销量'!$A:$A,$C:$C) | BC12: =SUMIFS('25年实际销量'!P:P,'25年实际销量'!$A:$A,$C:$C) | BD12: =SUMIFS('25年实际销量'!Q:Q,'25年实际销量'!$A:$A,$C:$C) | BE12: =SUMIFS('25年实际销量'!R:R,'25年实际销量'!$A:$A,$C:$C) | BF12: =SUMIFS('25年实际销量'!S:S,'25年实际销量'!$A:$A,$C:$C) | BG12: =SUMIFS('25年实际销量'!T:T,'25年实际销量'!$A:$A,$C:$C) | BH12: =SUMIFS('25年实际销量'!U:U,'25年实际销量'!$A:$A,$C:$C) | BI12: =SUMIFS('25年实际销量'!V:V,'25年实际销量'!$A:$A,$C:$C) | BJ12: =SUMIFS('25年实际销量'!W:W,'25年实际销量'!$A:$A,$C:$C) | BK12: =SUMIFS('25年实际销量'!X:X,'25年实际销量'!$A:$A,$C:$C) | BL12: =SUMIFS('26年实际销量'!R:R,'26年实际销量'!$A:$A,$C:$C) | BM12: =SUMIFS('26年实际销量'!S:S,'26年实际销量'!$A:$A,$C:$C) | BN12: =SUMIFS('26年实际销量'!T:T,'26年实际销量'!$A:$A,$C:$C) | BO12: =SUMIFS('26年实际销量'!U:U,'26年实际销量'!$A:$A,$C:$C) | BP12: =SUMIFS('26年实际销量'!V:V,'26年实际销量'!$A:$A,$C:$C) | BQ12: =BS12*0.6+BR12*0.4 | BR12: {=_xlfn.XLOOKUP(C:C,'26年实际销量'!A:A,'26年实际销量'!X:X)} | BS12: 2568 | BT12: =SUM(AZ12:BK12) | BU12: =IF(BT12=0,0,BT12/12) | BV12: =SUM(BL12:BQ12) | BW12: {=_xlfn.XLOOKUP(C:C,'基础销量预测-计划端'!C:C,'基础销量预测-计划端'!AG:AG)} | BX12: =IF(BV12=0,0,BV12/6) | BY12: =ROUND(BL12*($CE$1+1),0) | BZ12: =ROUND(BM12*($CE$1+1),0) | CA12: =ROUND(BN12*($CE$1+1),0) | CB12: =ROUND(BO12*($CE$1+1),0) | CC12: =ROUND(BP12*($CE$1+1),0) | CD12: =ROUND(BQ12*($CE$1+1),0) | CL12: =(AH12*0.7+V12*0.3) | CM12: =(AI12*0.7+W12*0.3) | CN12: =(AJ12*0.7+X12*0.3) | CO12: =(AK12*0.7+Y12*0.3) | CP12: =(AL12*0.7+Z12*0.3) | CQ12: =(AM12*0.7+AA12*0.3)
A13: {=_xlfn.XLOOKUP(C13,'产品基础信息'!B:B,'产品基础信息'!C:C)} | B13: ='产品基础信息'!A12 | C13: ='产品基础信息'!B12 | D13: 0 | E13: =(BA13-AZ13)/AZ13 | F13: =(BB13-BA13)/BA13 | G13: =(BC13-BB13)/BB13 | H13: =(BD13-BC13)/BC13 | I13: =(BE13-BD13)/BD13 | J13: =(BF13-BE13)/BE13 | K13: =(BG13-BF13)/BF13 | L13: =(BH13-BG13)/BG13 | ... U13: =(BQ13-BP13)/BP13 | V13: =AZ13/SUM($AZ13:$BE13) | W13: =BA13/SUM($AZ13:$BE13) | X13: =BB13/SUM($AZ13:$BE13) | Y13: =BC13/SUM($AZ13:$BE13) | Z13: =BD13/SUM($AZ13:$BE13) | AA13: =BE13/SUM($AZ13:$BE13) | AH13: =BL13/SUM($BL13:$BQ13) | AI13: =BM13/SUM($BL13:$BQ13) | AJ13: =BN13/SUM($BL13:$BQ13) | AK13: =BO13/SUM($BL13:$BQ13) | AL13: =BP13/SUM($BL13:$BQ13) | AM13: =BQ13/SUM($BL13:$BQ13) | AZ13: =SUMIFS('25年实际销量'!M:M,'25年实际销量'!$A:$A,$C:$C) | BA13: =SUMIFS('25年实际销量'!N:N,'25年实际销量'!$A:$A,$C:$C) | BB13: =SUMIFS('25年实际销量'!O:O,'25年实际销量'!$A:$A,$C:$C) | BC13: =SUMIFS('25年实际销量'!P:P,'25年实际销量'!$A:$A,$C:$C) | BD13: =SUMIFS('25年实际销量'!Q:Q,'25年实际销量'!$A:$A,$C:$C) | BE13: =SUMIFS('25年实际销量'!R:R,'25年实际销量'!$A:$A,$C:$C) | BF13: =SUMIFS('25年实际销量'!S:S,'25年实际销量'!$A:$A,$C:$C) | BG13: =SUMIFS('25年实际销量'!T:T,'25年实际销量'!$A:$A,$C:$C) | BH13: =SUMIFS('25年实际销量'!U:U,'25年实际销量'!$A:$A,$C:$C) | BI13: =SUMIFS('25年实际销量'!V:V,'25年实际销量'!$A:$A,$C:$C) | BJ13: =SUMIFS('25年实际销量'!W:W,'25年实际销量'!$A:$A,$C:$C) | BK13: =SUMIFS('25年实际销量'!X:X,'25年实际销量'!$A:$A,$C:$C) | BL13: =SUMIFS('26年实际销量'!R:R,'26年实际销量'!$A:$A,$C:$C) | BM13: =SUMIFS('26年实际销量'!S:S,'26年实际销量'!$A:$A,$C:$C) | BN13: =SUMIFS('26年实际销量'!T:T,'26年实际销量'!$A:$A,$C:$C) | BO13: =SUMIFS('26年实际销量'!U:U,'26年实际销量'!$A:$A,$C:$C) | BP13: =SUMIFS('26年实际销量'!V:V,'26年实际销量'!$A:$A,$C:$C) | BQ13: =BS13*0.6+BR13*0.4 | BR13: {=_xlfn.XLOOKUP(C:C,'26年实际销量'!A:A,'26年实际销量'!X:X)} | BS13: 2120 | BT13: =SUM(AZ13:BK13) | BU13: =IF(BT13=0,0,BT13/12) | BV13: =SUM(BL13:BQ13) | BW13: {=_xlfn.XLOOKUP(C:C,'基础销量预测-计划端'!C:C,'基础销量预测-计划端'!AG:AG)} | BX13: =IF(BV13=0,0,BV13/6) | BY13: =ROUND(BL13*($CE$1+1),0) | BZ13: =ROUND(BM13*($CE$1+1),0) | CA13: =ROUND(BN13*($CE$1+1),0) | CB13: =ROUND(BO13*($CE$1+1),0) | CC13: =ROUND(BP13*($CE$1+1),0) | CD13: =ROUND(BQ13*($CE$1+1),0) | CL13: =(AH13*0.7+V13*0.3) | CM13: =(AI13*0.7+W13*0.3) | CN13: =(AJ13*0.7+X13*0.3) | CO13: =(AK13*0.7+Y13*0.3) | CP13: =(AL13*0.7+Z13*0.3) | CQ13: =(AM13*0.7+AA13*0.3)
A14: {=_xlfn.XLOOKUP(C14,'产品基础信息'!B:B,'产品基础信息'!C:C)} | B14: ='产品基础信息'!A13 | C14: ='产品基础信息'!B13 | D14: 0 | E14: =(BA14-AZ14)/AZ14 | F14: =(BB14-BA14)/BA14 | G14: =(BC14-BB14)/BB14 | H14: =(BD14-BC14)/BC14 | I14: =(BE14-BD14)/BD14 | J14: =(BF14-BE14)/BE14 | K14: =(BG14-BF14)/BF14 | L14: =(BH14-BG14)/BG14 | ... U14: =(BQ14-BP14)/BP14 | V14: =AZ14/SUM($AZ14:$BE14) | W14: =BA14/SUM($AZ14:$BE14) | X14: =BB14/SUM($AZ14:$BE14) | Y14: =BC14/SUM($AZ14:$BE14) | Z14: =BD14/SUM($AZ14:$BE14) | AA14: =BE14/SUM($AZ14:$BE14) | AH14: =BL14/SUM($BL14:$BQ14) | AI14: =BM14/SUM($BL14:$BQ14) | AJ14: =BN14/SUM($BL14:$BQ14) | AK14: =BO14/SUM($BL14:$BQ14) | AL14: =BP14/SUM($BL14:$BQ14) | AM14: =BQ14/SUM($BL14:$BQ14) | AZ14: =SUMIFS('25年实际销量'!M:M,'25年实际销量'!$A:$A,$C:$C) | BA14: =SUMIFS('25年实际销量'!N:N,'25年实际销量'!$A:$A,$C:$C) | BB14: =SUMIFS('25年实际销量'!O:O,'25年实际销量'!$A:$A,$C:$C) | BC14: =SUMIFS('25年实际销量'!P:P,'25年实际销量'!$A:$A,$C:$C) | BD14: =SUMIFS('25年实际销量'!Q:Q,'25年实际销量'!$A:$A,$C:$C) | BE14: =SUMIFS('25年实际销量'!R:R,'25年实际销量'!$A:$A,$C:$C) | BF14: =SUMIFS('25年实际销量'!S:S,'25年实际销量'!$A:$A,$C:$C) | BG14: =SUMIFS('25年实际销量'!T:T,'25年实际销量'!$A:$A,$C:$C) | BH14: =SUMIFS('25年实际销量'!U:U,'25年实际销量'!$A:$A,$C:$C) | BI14: =SUMIFS('25年实际销量'!V:V,'25年实际销量'!$A:$A,$C:$C) | BJ14: =SUMIFS('25年实际销量'!W:W,'25年实际销量'!$A:$A,$C:$C) | BK14: =SUMIFS('25年实际销量'!X:X,'25年实际销量'!$A:$A,$C:$C) | BL14: =SUMIFS('26年实际销量'!R:R,'26年实际销量'!$A:$A,$C:$C) | BM14: =SUMIFS('26年实际销量'!S:S,'26年实际销量'!$A:$A,$C:$C) | BN14: =SUMIFS('26年实际销量'!T:T,'26年实际销量'!$A:$A,$C:$C) | BO14: =SUMIFS('26年实际销量'!U:U,'26年实际销量'!$A:$A,$C:$C) | BP14: =SUMIFS('26年实际销量'!V:V,'26年实际销量'!$A:$A,$C:$C) | BQ14: =BS14*0.6+BR14*0.4 | BR14: {=_xlfn.XLOOKUP(C:C,'26年实际销量'!A:A,'26年实际销量'!X:X)} | BS14: 1199 | BT14: =SUM(AZ14:BK14) | BU14: =IF(BT14=0,0,BT14/12) | BV14: =SUM(BL14:BQ14) | BW14: {=_xlfn.XLOOKUP(C:C,'基础销量预测-计划端'!C:C,'基础销量预测-计划端'!AG:AG)} | BX14: =IF(BV14=0,0,BV14/6) | BY14: =ROUND(BL14*($CE$1+1),0) | BZ14: =ROUND(BM14*($CE$1+1),0) | CA14: =ROUND(BN14*($CE$1+1),0) | CB14: =ROUND(BO14*($CE$1+1),0) | CC14: =ROUND(BP14*($CE$1+1),0) | CD14: =ROUND(BQ14*($CE$1+1),0) | CL14: =(AH14*0.7+V14*0.3) | CM14: =(AI14*0.7+W14*0.3) | CN14: =(AJ14*0.7+X14*0.3) | CO14: =(AK14*0.7+Y14*0.3) | CP14: =(AL14*0.7+Z14*0.3) | CQ14: =(AM14*0.7+AA14*0.3)
A15: {=_xlfn.XLOOKUP(C15,'产品基础信息'!B:B,'产品基础信息'!C:C)} | B15: ='产品基础信息'!A14 | C15: ='产品基础信息'!B14 | D15: 0 | E15: =(BA15-AZ15)/AZ15 | F15: =(BB15-BA15)/BA15 | G15: =(BC15-BB15)/BB15 | H15: =(BD15-BC15)/BC15 | I15: =(BE15-BD15)/BD15 | J15: =(BF15-BE15)/BE15 | K15: =(BG15-BF15)/BF15 | L15: =(BH15-BG15)/BG15 | ... U15: =(BQ15-BP15)/BP15 | V15: =AZ15/SUM($AZ15:$BE15) | W15: =BA15/SUM($AZ15:$BE15) | X15: =BB15/SUM($AZ15:$BE15) | Y15: =BC15/SUM($AZ15:$BE15) | Z15: =BD15/SUM($AZ15:$BE15) | AA15: =BE15/SUM($AZ15:$BE15) | AH15: =BL15/SUM($BL15:$BQ15) | AI15: =BM15/SUM($BL15:$BQ15) | AJ15: =BN15/SUM($BL15:$BQ15) | AK15: =BO15/SUM($BL15:$BQ15) | AL15: =BP15/SUM($BL15:$BQ15) | AM15: =BQ15/SUM($BL15:$BQ15) | AZ15: =SUMIFS('25年实际销量'!M:M,'25年实际销量'!$A:$A,$C:$C) | BA15: =SUMIFS('25年实际销量'!N:N,'25年实际销量'!$A:$A,$C:$C) | BB15: =SUMIFS('25年实际销量'!O:O,'25年实际销量'!$A:$A,$C:$C) | BC15: =SUMIFS('25年实际销量'!P:P,'25年实际销量'!$A:$A,$C:$C) | BD15: =SUMIFS('25年实际销量'!Q:Q,'25年实际销量'!$A:$A,$C:$C) | BE15: =SUMIFS('25年实际销量'!R:R,'25年实际销量'!$A:$A,$C:$C) | BF15: =SUMIFS('25年实际销量'!S:S,'25年实际销量'!$A:$A,$C:$C) | BG15: =SUMIFS('25年实际销量'!T:T,'25年实际销量'!$A:$A,$C:$C) | BH15: =SUMIFS('25年实际销量'!U:U,'25年实际销量'!$A:$A,$C:$C) | BI15: =SUMIFS('25年实际销量'!V:V,'25年实际销量'!$A:$A,$C:$C) | BJ15: =SUMIFS('25年实际销量'!W:W,'25年实际销量'!$A:$A,$C:$C) | BK15: =SUMIFS('25年实际销量'!X:X,'25年实际销量'!$A:$A,$C:$C) | BL15: =SUMIFS('26年实际销量'!R:R,'26年实际销量'!$A:$A,$C:$C) | BM15: =SUMIFS('26年实际销量'!S:S,'26年实际销量'!$A:$A,$C:$C) | BN15: =SUMIFS('26年实际销量'!T:T,'26年实际销量'!$A:$A,$C:$C) | BO15: =SUMIFS('26年实际销量'!U:U,'26年实际销量'!$A:$A,$C:$C) | BP15: =SUMIFS('26年实际销量'!V:V,'26年实际销量'!$A:$A,$C:$C) | BQ15: =BS15*0.6+BR15*0.4 | BR15: {=_xlfn.XLOOKUP(C:C,'26年实际销量'!A:A,'26年实际销量'!X:X)} | BS15: 758 | BT15: =SUM(AZ15:BK15) | BU15: =IF(BT15=0,0,BT15/12) | BV15: =SUM(BL15:BQ15) | BW15: {=_xlfn.XLOOKUP(C:C,'基础销量预测-计划端'!C:C,'基础销量预测-计划端'!AG:AG)} | BX15: =IF(BV15=0,0,BV15/6) | BY15: =ROUND(BL15*($CE$1+1),0) | BZ15: =ROUND(BM15*($CE$1+1),0) | CA15: =ROUND(BN15*($CE$1+1),0) | CB15: =ROUND(BO15*($CE$1+1),0) | CC15: =ROUND(BP15*($CE$1+1),0) | CD15: =ROUND(BQ15*($CE$1+1),0) | CL15: =(AH15*0.7+V15*0.3) | CM15: =(AI15*0.7+W15*0.3) | CN15: =(AJ15*0.7+X15*0.3) | CO15: =(AK15*0.7+Y15*0.3) | CP15: =(AL15*0.7+Z15*0.3) | CQ15: =(AM15*0.7+AA15*0.3)

Sheet 行业大盘数据
A1: 美国
A2: 年度大盘趋势 | G2: 大盘月度趋势预测
A3: 类目名称 | B3: 数据年份 | C3: 类目总销量 | D3: 同比增速 | E3: 数据来源 | G3: 月份 | H3: 2025大盘销量 | I3: 2026大盘销量 | J3: 2026月度同比 | K3: 2027预测大盘
A4: Outdoor Rugs | B4: 2024年 | C4: 3000219 | D4: / | E4: BI看板-亚马逊后台 | G4: 01月 | H4: 101991 | I4: 87343 | J4: =IFERROR(I4/H4-1,0) | K4: =2.8%+0.3*(J4-2.8%)
A5: Outdoor Rugs | B5: 2025年 | C5: 3151253 | D5: =C5/C4-1 | E5: BI看板-亚马逊后台 | G5: 02月 | H5: 123187 | I5: 109170 | J5: =IFERROR(I5/H5-1,0) | K5: =2.8%+0.3*(J5-2.8%)
A6: Outdoor Rugs | B6: 2026年（1月-6月） | C6: 1831843 | D6: 0.028105839 | E6: BI看板-亚马逊后台 | G6: 03月 | H6: 255621 | I6: 275204 | J6: =IFERROR(I6/H6-1,0) | K6: =2.8%+0.3*(J6-2.8%)
G7: 04月 | H7: 364728 | I7: 369265 | J7: =IFERROR(I7/H7-1,0) | K7: =2.8%+0.3*(J7-2.8%)
G8: 05月 | H8: 484252 | I8: 471247 | J8: =IFERROR(I8/H8-1,0) | K8: =2.8%+0.3*(J8-2.8%)
G9: 06月 | H9: 451986 | I9: 519614 | J9: =IFERROR(I9/H9-1,0) | K9: =2.8%+0.3*(J9-2.8%)
A16: 月度大盘趋势
A17: 类目名称 | B17: 年份 | C17: 1月 | D17: 2月 | E17: 3月 | F17: 4月 | G17: 5月 | H17: 6月 | I17: 7月 | J17: 8月 | K17: 9月 | L17: 10月 | M17: 11月 | N17: 12月 | O17: 1月 | P17: 2月 | Q17: 3月 | R17: 4月 | S17: 5月 | T17: 6月 | U17: 7月 | V17: 8月 | W17: 9月 | X17: 10月 | Y17: 11月 | Z17: 12月 | AA17: 数据来源
A18: Outdoor Rugs | B18: 2023年
A19: Outdoor Rugs | B19: 2024年 | C19: / | D19: / | E19: / | F19: / | G19: / | H19: / | I19: / | J19: / | K19: / | L19: / | M19: / | N19: / | O19: 84794 | P19: 108354 | Q19: 233983 | R19: 347426 | S19: 449824 | T19: 403338 | U19: 380697 | V19: 269701 | W19: 234012 | X19: 199521 | Y19: 162869 | Z19: 125700 | AA19: BI看板-亚马逊后台
A20: Outdoor Rugs | B20: 2025年 | C20: =(O20-Z19)/Z19 | D20: =(P20-O20)/O20 | E20: =(Q20-P20)/P20 | F20: =(R20-Q20)/Q20 | G20: =(S20-R20)/R20 | H20: =(T20-S20)/S20 | I20: =(U20-T20)/T20 | J20: =(V20-U20)/U20 | K20: =(W20-V20)/V20 | ... N20: =(Z20-Y20)/Y20 | O20: 101991 | P20: 123187 | Q20: 255621 | R20: 364728 | S20: 484252 | T20: 451986 | U20: 402639 | V20: 275803 | W20: 231220 | X20: 175245 | Y20: 167387 | Z20: 117194 | AA20: BI看板-亚马逊后台
A21: Outdoor Rugs | B21: 2026年 | C21: =(O21-Z20)/Z20 | D21: =(P21-O21)/O21 | E21: =(Q21-P21)/P21 | F21: =(R21-Q21)/Q21 | G21: =(S21-R21)/R21 | H21: =(T21-S21)/S21 | O21: 87343 | P21: 109170 | Q21: 275204 | R21: 369265 | S21: 471247 | T21: 519614 | U21: 328894 | AA21: BI看板-亚马逊后台
A24: 加拿大
A26: 类目名称 | B26: 数据年份 | C26: 类目总销量 | D26: 同比增速 | E26: 数据来源 | G26: 大盘月度趋势预测
A27: Outdoor Rugs | B27: 2024年 | C27: 81997 | D27: / | E27: BI看板-卖家精灵数据 | G27: 月份 | H27: 2025大盘销量 | I27: 2026大盘销量 | J27: 2026月度同比 | K27: 2027预测大盘
A28: Outdoor Rugs | B28: 2025年 | C28: 182515 | D28: 1.2258741 | E28: BI看板-卖家精灵数据 | G28: 01月 | H28: 1930 | I28: 3271 | J28: =IFERROR(I28/H28-1,0) | K28: =$D$29+0.3*(J28-$D$29)
A29: Outdoor Rugs | B29: 2026年（1月-6月） | C29: 128606 | D29: 0.39233709 | E29: BI看板-卖家精灵数据 | G29: 02月 | H29: 3132 | I29: 3985 | J29: =IFERROR(I29/H29-1,0) | K29: =$D$29+0.3*(J29-$D$29)
G30: 03月 | H30: 7295 | I30: 8218 | J30: =IFERROR(I30/H30-1,0) | K30: =$D$29+0.3*(J30-$D$29)
G31: 04月 | H31: 18925 | I31: 18967 | J31: =IFERROR(I31/H31-1,0) | K31: =$D$29+0.3*(J31-$D$29)
G32: 05月 | H32: 31783 | I32: 50159 | J32: =IFERROR(I32/H32-1,0) | K32: =$D$29+0.3*(J32-$D$29) | T32: =SUM(O38:T38)
G33: 06月 | H33: 29302 | I33: 44006 | J33: =IFERROR(I33/H33-1,0) | K33: =$D$29+0.3*(J33-$D$29) | T33: =SUM(O39:T39) | U33: =(T33-T32)/T32
T34: =SUM(O40:T40) | U34: =(T34-T33)/T33
A35: 月度大盘趋势
A36: 类目名称 | B36: 年份 | C36: 1月 | D36: 2月 | E36: 3月 | F36: 4月 | G36: 5月 | H36: 6月 | I36: 7月 | J36: 8月 | K36: 9月 | L36: 10月 | M36: 11月 | N36: 12月 | O36: 1月 | P36: 2月 | Q36: 3月 | R36: 4月 | S36: 5月 | T36: 6月 | U36: 7月 | V36: 8月 | W36: 9月 | X36: 10月 | Y36: 11月 | Z36: 12月 | AA36: 数据来源
A37: Outdoor Rugs | B37: 2023年 | U37: 2256 | V37: 3863 | W37: 2413 | X37: 1076 | Y37: 578 | Z37: 633 | AA37: BI看板-卖家精灵
A38: Outdoor Rugs | B38: 2024年 | C38: =(O38-Z37)/Z37 | D38: =(P38-O38)/O38 | E38: =(Q38-P38)/P38 | F38: =(R38-Q38)/Q38 | G38: =(S38-R38)/R38 | H38: =(T38-S38)/S38 | I38: =(U38-T38)/T38 | J38: =(V38-U38)/U38 | K38: =(W38-V38)/V38 | ... N38: =(Z38-Y38)/Y38 | O38: 383 | P38: 751 | Q38: 1766 | R38: 7129 | S38: 13704 | T38: 17270 | U38: 15638 | V38: 10297 | W38: 6374 | X38: 3959 | Y38: 2999 | Z38: 1727 | AA38: BI看板-卖家精灵
A39: Outdoor Rugs | B39: 2025年 | C39: =(O39-Z38)/Z38 | D39: =(P39-O39)/O39 | E39: =(Q39-P39)/P39 | F39: =(R39-Q39)/Q39 | G39: =(S39-R39)/R39 | H39: =(T39-S39)/S39 | I39: =(U39-T39)/T39 | J39: =(V39-U39)/U39 | K39: =(W39-V39)/V39 | ... N39: =(Z39-Y39)/Y39 | O39: 1930 | P39: 3132 | Q39: 7295 | R39: 18925 | S39: 31783 | T39: 29302 | U39: 30274 | V39: 20732 | W39: 20844 | X39: 8656 | Y39: 5725 | Z39: 3917 | AA39: BI看板-卖家精灵
A40: Outdoor Rugs | B40: 2026年 | C40: =(O40-Z39)/Z39 | D40: =(P40-O40)/O40 | E40: =(Q40-P40)/P40 | F40: =(R40-Q40)/Q40 | G40: =(S40-R40)/R40 | H40: =(T40-S40)/S40 | O40: 3271 | P40: 3985 | Q40: 8218 | R40: 18967 | S40: 50159 | T40: 44006 | AA40: BI看板-卖家精灵

Sheet 竞品数据(参考)
A1: 父ASIN (我司) | B1: 竞品ASIN | C1: 竞品销量 | U1: 25年合计 | V1: 26年合计（1月-6月）
C2: 2026-06 | D2: 2026-05 | E2: 2026-04 | F2: 2026-03 | G2: 2026-02 | H2: 2026-01 | I2: 2025-12 | J2: 2025-11 | K2: 2025-10 | L2: 2025-09 | M2: 2025-08 | N2: 2025-07 | O2: 2025-06 | P2: 2025-05 | Q2: 2025-04 | R2: 2025-03 | S2: 2025-02 | T2: 2025-01
A3: B0CSKDP26Z | B3: ='产品基础信息'!E2 | C3: 7374 | D3: 5828 | E3: 5214 | F3: 3070 | G3: 1035 | H3: 517 | I3: 240 | J3: 355 | K3: 474 | L3: 1006 | M3: 282 | N3: 6082 | O3: 5625 | P3: 5167 | Q3: 5210 | R3: 889 | S3: 791 | T3: 449 | U3: 26570 | V3: 23038
A4: B0BSKX7ZHN | B4: ='产品基础信息'!E3 | C4: 4845 | D4: 3682 | E4: 2218 | F4: 1322 | G4: 974 | H4: 905 | I4: 733 | J4: 1051 | K4: 1015 | L4: 1232 | M4: 1694 | N4: 2874 | O4: 4573 | P4: 4067 | Q4: 1808 | R4: 1645 | S4: 1025 | T4: 582 | U4: 22299 | V4: 13946
A5: B0B2PCVNYJ | B5: ='产品基础信息'!E4 | C5: 18306 | D5: 14886 | E5: 13977 | F5: 10605 | G5: 4137 | H5: 3034 | I5: 3679 | J5: 4587 | K5: 6309 | L5: 6931 | M5: 10999 | N5: 11445 | O5: 12938 | P5: 13977 | Q5: 10451 | R5: 6229 | S5: 3545 | T5: 2204 | U5: 93294 | V5: 64945
A6: B0CCJ2MH3N | B6: ='产品基础信息'!E5 | C6: 19154 | D6: 18960 | E6: 5220 | F6: 10570 | G6: 5805 | H6: 3479 | I6: 2963 | J6: 4674 | K6: 6831 | L6: 8625 | M6: 3 | N6: 17933 | O6: 8 | P6: 18153 | Q6: 13987 | R6: 10937 | S6: 4450 | T6: 3915 | U6: 92479 | V6: 63188
A7: B0D17P9F9S | B7: ='产品基础信息'!E6 | C7: 2210 | D7: 3491 | E7: 1976 | F7: 2316 | G7: 827 | H7: 432 | I7: 518 | J7: 623 | K7: 711 | L7: 947 | M7: 1624 | N7: 2904 | O7: 4190 | P7: 4889 | Q7: 4274 | R7: 3211 | S7: 1703 | T7: 1056 | U7: 26650 | V7: 11252
A8: B0D4PHQJYJ | B8: ='产品基础信息'!E7 | C8: 2210 | D8: 3491 | E8: 1976 | F8: 2316 | G8: 827 | H8: 432 | I8: 518 | J8: 623 | K8: 711 | L8: 947 | M8: 1624 | N8: 2904 | O8: 4190 | P8: 4889 | Q8: 4274 | R8: 3211 | S8: 1703 | T8: 1056 | U8: 26650 | V8: 11252
A9: B0FWJY4CCQ | B9: ='产品基础信息'!E8 | C9: 2210 | D9: 3491 | E9: 1976 | F9: 2316 | G9: 827 | H9: 432 | I9: 518 | J9: 623 | L9: 947 | M9: 1624 | N9: 2904 | O9: 4190 | P9: 4889 | Q9: 4274 | R9: 3211 | S9: 1703 | T9: 1056 | U9: 26650 | V9: 11252
A10: B0DBPK9CTR | B10: ='产品基础信息'!E9 | C10: 2513 | D10: 2573 | E10: 1818 | F10: 1025 | G10: 146 | H10: 140 | I10: 164 | J10: 389 | K10: 474 | L10: 701 | M10: 1346 | N10: 2120 | O10: 3117 | P10: 2643 | Q10: 2041 | R10: 2223 | S10: 663 | T10: 0 | U10: 15881 | V10: 8215
A11: B0DBLYWHF4 | B11: ='产品基础信息'!E10 | C11: 1325 | D11: 1561 | E11: 1459 | F11: 883 | G11: 91 | H11: 103 | I11: 172 | J11: 489 | K11: 661 | L11: 1217 | M11: 1603 | N11: 1844 | O11: 2121 | P11: 1961 | Q11: 1880 | R11: 1054 | S11: 405 | T11: 290 | U11: 13697 | V11: 5422
A12: B0CT5G5TVT | B12: ='产品基础信息'!E11 | C12: 1598 | D12: 2356 | E12: 1540 | F12: 317 | G12: 128 | H12: 89 | I12: 111 | J12: 175 | K12: 205 | L12: 330 | M12: 792 | N12: 1266 | O12: 1277 | P12: 1413 | Q12: 1351 | R12: 526 | S12: 181 | T12: 170 | U12: 7797 | V12: 6028
A13: B0D3J2Q1JM | B13: ='产品基础信息'!E12 | C13: 2141 | D13: 2908 | E13: 1281 | F13: 501 | G13: 146 | H13: 166 | I13: 317 | J13: 377 | K13: 364 | L13: 576 | M13: 917 | N13: 1533 | O13: 2071 | P13: 2716 | Q13: 934 | R13: 379 | S13: 149 | T13: 135 | U13: 10468 | V13: 7143
A14: B0D3TS4TYR | B14: ='产品基础信息'!E13 | C14: 639 | D14: 801 | E14: 316 | F14: 61 | G14: 46 | H14: 41 | I14: 96 | J14: 107 | K14: 86 | L14: 111 | M14: 154 | N14: 426 | O14: 738 | P14: 790 | Q14: 340 | R14: 134 | S14: 50 | T14: 40 | U14: 3072 | V14: 1904
A15: B0DRFTHNM8 | B15: ='产品基础信息'!E14 | C15: 993 | D15: 1072 | E15: 311 | F15: 195 | G15: 69 | H15: 63 | I15: 131 | J15: 117 | K15: 158 | L15: 223 | M15: 390 | N15: 758 | O15: 1202 | P15: 996 | Q15: 482 | R15: 142 | S15: 66 | T15: 78 | U15: 4743 | V15: 2703

Sheet BSR占比
A1: 组别 | B1: 202501 | C1: 202502 | D1: 202503 | E1: 202504 | F1: 202505 | G1: 202506 | H1: 202507 | I1: 202508 | J1: 202509 | K1: 202510 | L1: 202511 | M1: 202512 | N1: 202601 | O1: 202602 | P1: 202603 | Q1: 求和项:202412 | R1: 202501 | S1: 202502 | T1: 202503 | U1: 202504 | V1: 202505 | W1: 202506 | X1: 202507 | Y1: 202508 | Z1: 202509 | AA1: 202510 | AB1: 202511 | AC1: 202512 | AD1: 202601 | AE1: 202602 | AF1: 202603
A2: 1-5 | B2: =(R2-Q2)/Q2 | C2: =(S2-R2)/R2 | D2: =(T2-S2)/S2 | E2: =(U2-T2)/T2 | F2: =(V2-U2)/U2 | G2: =(W2-V2)/V2 | H2: =(X2-W2)/W2 | I2: =(Y2-X2)/X2 | ... P2: =(AF2-AE2)/AE2 | Q2: 25365 | R2: 20316 | S2: 20611 | T2: 38541 | U2: 50181 | V2: 74597 | W2: 81578 | X2: 69670 | Y2: 50295 | Z2: 43074 | AA2: 31975 | AB2: 31678 | AC2: 18178 | AD2: 14711 | AE2: 19268 | AF2: 46197
A3: 6-10 | B3: =(R3-Q3)/Q3 | C3: =(S3-R3)/R3 | D3: =(T3-S3)/S3 | E3: =(U3-T3)/T3 | F3: =(V3-U3)/U3 | G3: =(W3-V3)/V3 | H3: =(X3-W3)/W3 | I3: =(Y3-X3)/X3 | ... P3: =(AF3-AE3)/AE3 | Q3: 16042 | R3: 7430 | S3: 8753 | T3: 19541 | U3: 26122 | V3: 34521 | W3: 35131 | X3: 34301 | Y3: 23137 | Z3: 20535 | AA3: 19572 | AB3: 21298 | AC3: 16241 | AD3: 8634 | AE3: 9928 | AF3: 20914
A4: 11-15 | B4: =(R4-Q4)/Q4 | C4: =(S4-R4)/R4 | D4: =(T4-S4)/S4 | E4: =(U4-T4)/T4 | F4: =(V4-U4)/U4 | G4: =(W4-V4)/V4 | H4: =(X4-W4)/W4 | I4: =(Y4-X4)/X4 | ... P4: =(AF4-AE4)/AE4 | Q4: 14549 | R4: 5996 | S4: 6380 | T4: 12952 | U4: 22016 | V4: 24522 | W4: 25355 | X4: 25547 | Y4: 15046 | Z4: 11123 | AA4: 12404 | AB4: 14359 | AC4: 15357 | AD4: 6651 | AE4: 6301 | AF4: 16163
A5: 16-20 | B5: =(R5-Q5)/Q5 | C5: =(S5-R5)/R5 | D5: =(T5-S5)/S5 | E5: =(U5-T5)/T5 | F5: =(V5-U5)/U5 | G5: =(W5-V5)/V5 | H5: =(X5-W5)/W5 | I5: =(Y5-X5)/X5 | ... P5: =(AF5-AE5)/AE5 | Q5: 10561 | R5: 4900 | S5: 5050 | T5: 10275 | U5: 15520 | V5: 20743 | W5: 21107 | X5: 19665 | Y5: 12296 | Z5: 9535 | AA5: 10406 | AB5: 10606 | AC5: 12342 | AD5: 4567 | AE5: 5176 | AF5: 14193
A6: 21 - 25 | B6: =(R6-Q6)/Q6 | C6: =(S6-R6)/R6 | D6: =(T6-S6)/S6 | E6: =(U6-T6)/T6 | F6: =(V6-U6)/U6 | G6: =(W6-V6)/V6 | H6: =(X6-W6)/W6 | I6: =(Y6-X6)/X6 | ... P6: =(AF6-AE6)/AE6 | Q6: 6687 | R6: 3596 | S6: 4418 | T6: 8723 | U6: 13851 | V6: 17527 | W6: 17363 | X6: 14864 | Y6: 10360 | Z6: 7460 | AA6: 7354 | AB6: 7938 | AC6: 7852 | AD6: 4044 | AE6: 4408 | AF6: 11595
A7: 26 - 30 | B7: =(R7-Q7)/Q7 | C7: =(S7-R7)/R7 | D7: =(T7-S7)/S7 | E7: =(U7-T7)/T7 | F7: =(V7-U7)/U7 | G7: =(W7-V7)/V7 | H7: =(X7-W7)/W7 | I7: =(Y7-X7)/X7 | ... P7: =(AF7-AE7)/AE7 | Q7: 4959 | R7: 3086 | S7: 4081 | T7: 7850 | U7: 12134 | V7: 16046 | W7: 14184 | X7: 13671 | Y7: 8518 | Z7: 6721 | AA7: 6218 | AB7: 6903 | AC7: 6758 | AD7: 3494 | AE7: 3903 | AF7: 9255
A8: 31 - 35 | B8: =(R8-Q8)/Q8 | C8: =(S8-R8)/R8 | D8: =(T8-S8)/S8 | E8: =(U8-T8)/T8 | F8: =(V8-U8)/U8 | G8: =(W8-V8)/V8 | H8: =(X8-W8)/W8 | I8: =(Y8-X8)/X8 | ... P8: =(AF8-AE8)/AE8 | Q8: 4086 | R8: 2719 | S8: 3578 | T8: 6877 | U8: 11507 | V8: 14930 | W8: 12557 | X8: 11506 | Y8: 7665 | Z8: 6337 | AA8: 5838 | AB8: 6119 | AC8: 5997 | AD8: 2990 | AE8: 3223 | AF8: 7769
A9: 36 - 40 | B9: =(R9-Q9)/Q9 | C9: =(S9-R9)/R9 | D9: =(T9-S9)/S9 | E9: =(U9-T9)/T9 | F9: =(V9-U9)/U9 | G9: =(W9-V9)/V9 | H9: =(X9-W9)/W9 | I9: =(Y9-X9)/X9 | ... P9: =(AF9-AE9)/AE9 | Q9: 3626 | R9: 2483 | S9: 3216 | T9: 6067 | U9: 9704 | V9: 13716 | W9: 11808 | X9: 10366 | Y9: 7376 | Z9: 6160 | AA9: 5309 | AB9: 5364 | AC9: 5365 | AD9: 2761 | AE9: 2960 | AF9: 6678
A10: 41 - 45 | B10: =(R10-Q10)/Q10 | C10: =(S10-R10)/R10 | D10: =(T10-S10)/S10 | E10: =(U10-T10)/T10 | F10: =(V10-U10)/U10 | G10: =(W10-V10)/V10 | H10: =(X10-W10)/W10 | I10: =(Y10-X10)/X10 | ... P10: =(AF10-AE10)/AE10 | Q10: 3305 | R10: 2308 | S10: 3051 | T10: 5533 | U10: 9068 | V10: 12233 | W10: 11517 | X10: 9550 | Y10: 6938 | Z10: 5814 | AA10: 5079 | AB10: 4688 | AC10: 4625 | AD10: 2441 | AE10: 2714 | AF10: 6099
A11: 46 - 50 | B11: =(R11-Q11)/Q11 | C11: =(S11-R11)/R11 | D11: =(T11-S11)/S11 | E11: =(U11-T11)/T11 | F11: =(V11-U11)/U11 | G11: =(W11-V11)/V11 | H11: =(X11-W11)/W11 | I11: =(Y11-X11)/X11 | ... P11: =(AF11-AE11)/AE11 | Q11: 2944 | R11: 2216 | S11: 2592 | T11: 5221 | U11: 8034 | V11: 10872 | W11: 11192 | X11: 9312 | Y11: 6435 | Z11: 5493 | AA11: 4837 | AB11: 4405 | AC11: 3840 | AD11: 2318 | AE11: 2498 | AF11: 5646
A12: 51 - 80 | B12: =(R12-Q12)/Q12 | C12: =(S12-R12)/R12 | D12: =(T12-S12)/S12 | E12: =(U12-T12)/T12 | F12: =(V12-U12)/U12 | G12: =(W12-V12)/V12 | H12: =(X12-W12)/W12 | I12: =(Y12-X12)/X12 | ... P12: =(AF12-AE12)/AE12 | Q12: 13912 | R12: 10366 | S12: 11811 | T12: 24292 | U12: 40514 | V12: 54970 | W12: 56779 | X12: 44318 | Y12: 29254 | Z12: 28653 | AA12: 22996 | AB12: 22294 | AC12: 18918 | AD12: 11559 | AE12: 11933 | AF12: 28271
A13: 1 | B13: =(R13-Q13)/Q13 | C13: =(S13-R13)/R13 | D13: =(T13-S13)/S13 | E13: =(U13-T13)/T13 | F13: =(V13-U13)/U13 | G13: =(W13-V13)/V13 | H13: =(X13-W13)/W13 | I13: =(Y13-X13)/X13 | ... P13: =(AF13-AE13)/AE13 | Q13: 11201 | R13: 9495 | S13: 9689 | T13: 11718 | U13: 13987 | V13: 18153 | W13: 23183 | X13: 17933 | Y13: 14686 | Z13: 9515 | AA13: 6831 | AB13: 8648 | AC13: 3987 | AD13: 4109 | AE13: 5255 | AF13: 11564

Sheet BSR
A1: 排名（销量） | B1: 组别 | C1: 202206 | D1: 202207 | E1: 202208 | F1: 202209 | G1: 202210 | H1: 202211 | I1: 202212 | J1: 202301 | K1: 202302 | L1: 202303 | M1: 202304 | N1: 202305 | O1: 202306 | P1: 202307 | Q1: 202308 | R1: 202309 | S1: 202310 | T1: 202311 | U1: 202312 | V1: 202401 | W1: 202402 | X1: 202403 | Y1: 202404 | Z1: 202405 | AA1: 202406 | AB1: 202407 | AC1: 202408 | AD1: 202409 | AE1: 202410 | AF1: 202411 | AG1: 202412 | AH1: 202501 | AI1: 202502 | AJ1: 202503 | AK1: 202504 | AL1: 202505 | AM1: 202506 | AN1: 202507 | AO1: 202508 | AP1: 202509 | AQ1: 202510 | AR1: 202511 | AS1: 202512 | AT1: 202601 | AU1: 202602 | AV1: 202603
A2: 1 | B2: 1-5 | C2: 10329 | D2: 13063 | E2: 9606 | F2: 7304 | G2: 3591 | H2: 6535 | I2: 7124 | J2: 6690 | K2: 7038 | L2: 5835 | M2: 9660 | N2: 14225 | O2: 16085 | P2: 14839 | Q2: 13704 | R2: 10853 | S2: 9774 | T2: 12051 | U2: 11144 | V2: 11440 | W2: 13010 | X2: 14028 | Y2: 11367 | Z2: 16711 | AA2: 16710 | AB2: 19819 | AC2: 21729 | AD2: 16530 | AE2: 14683 | AF2: 16180 | AG2: 11201 | AH2: 9495 | AI2: 9689 | AJ2: 11718 | AK2: 13987 | AL2: 18153 | AM2: 23183 | AN2: 17933 | AO2: 14686 | AP2: 9515 | AQ2: 6831 | AR2: 8648 | AS2: 3987 | AT2: 4109 | AU2: 5255 | AV2: 11564
A3: 2 | B3: 1-5 | C3: 5789 | D3: 9626 | E3: 6604 | F3: 3381 | G3: 3355 | H3: 5479 | I3: 5606 | J3: 2330 | K3: 3570 | L3: 4172 | M3: 5962 | N3: 10047 | O3: 10819 | P3: 13540 | Q3: 7639 | R3: 8865 | S3: 5792 | T3: 8458 | U3: 3611 | V3: 2590 | W3: 3206 | X3: 6334 | Y3: 9624 | Z3: 15449 | AA3: 16560 | AB3: 12106 | AC3: 8216 | AD3: 10007 | AE3: 7778 | AF3: 8151 | AG3: 4023 | AH3: 3915 | AI3: 3250 | AJ3: 10175 | AK3: 10451 | AL3: 17438 | AM3: 18541 | AN3: 17688 | AO3: 10999 | AP3: 9486 | AQ3: 6801 | AR3: 8584 | AS3: 3679 | AT3: 3479 | AU3: 4137 | AV3: 11564
A4: 3 | B4: 1-5 | C4: 5473 | D4: 9105 | E4: 4019 | F4: 2021 | G4: 2728 | H4: 2104 | I4: 2206 | J4: 1798 | K4: 2755 | L4: 3959 | M4: 5900 | N4: 9929 | O4: 9232 | P4: 12459 | Q4: 7406 | R4: 6356 | S4: 4631 | T4: 8405 | U4: 2882 | V4: 2273 | W4: 3082 | X4: 6330 | Y4: 9034 | Z4: 14067 | AA4: 14908 | AB4: 10953 | AC4: 8112 | AD4: 7674 | AE4: 5820 | AF4: 7464 | AG4: 3489 | AH4: 2832 | AI4: 2835 | AJ4: 6229 | AK4: 9592 | AL4: 15894 | AM4: 18254 | AN4: 14299 | AO4: 9116 | AP4: 8731 | AQ4: 6465 | AR4: 4991 | AS4: 3534 | AT4: 3034 | AU4: 3933 | AV4: 10605
A5: 4 | B5: 1-5 | C5: 4407 | D5: 5611 | E5: 3069 | F5: 1951 | G5: 1513 | H5: 1471 | I5: 1655 | J5: 1448 | K5: 2460 | L5: 3859 | M5: 5873 | N5: 7565 | O5: 8397 | P5: 10524 | Q5: 7302 | R5: 5336 | S5: 3911 | T5: 5390 | U5: 2191 | V5: 1869 | W5: 3068 | X5: 6211 | Y5: 8395 | Z5: 11770 | AA5: 11460 | AB5: 10055 | AC5: 7037 | AD5: 6158 | AE5: 5501 | AF5: 5046 | AG5: 3331 | AH5: 2204 | AI5: 2542 | AJ5: 5541 | AK5: 8312 | AL5: 13977 | AM5: 12938 | AN5: 11445 | AO5: 8750 | AP5: 8411 | AQ5: 6309 | AR5: 4755 | AS5: 3515 | AT5: 2184 | AU5: 3325 | AV5: 7504
A6: 5 | B6: 1-5 | C6: 2670 | D6: 4265 | E6: 2734 | F6: 1869 | G6: 1495 | H6: 1452 | I6: 1443 | J6: 1232 | K6: 1970 | L6: 3484 | M6: 5470 | N6: 7505 | O6: 6225 | P6: 8405 | Q6: 6474 | R6: 5278 | S6: 3819 | T6: 4207 | U6: 2131 | V6: 1842 | W6: 2861 | X6: 5294 | Y6: 5814 | Z6: 10199 | AA6: 9483 | AB6: 9969 | AC6: 6866 | AD6: 6147 | AE6: 5115 | AF6: 4847 | AG6: 3321 | AH6: 1870 | AI6: 2295 | AJ6: 4878 | AK6: 7839 | AL6: 9135 | AM6: 8662 | AN6: 8305 | AO6: 6744 | AP6: 6931 | AQ6: 5569 | AR6: 4700 | AS6: 3463 | AT6: 1905 | AU6: 2618 | AV6: 4960
A7: 6 | B7: 6-10 | C7: 2496 | D7: 3442 | E7: 2432 | F7: 1823 | G7: 1470 | H7: 1136 | I7: 1080 | J7: 1130 | K7: 1969 | L7: 2976 | M7: 5422 | N7: 5411 | O7: 5844 | P7: 7728 | Q7: 5841 | R7: 4615 | S7: 3713 | T7: 3694 | U7: 2124 | V7: 1788 | W7: 2854 | X7: 5241 | Y7: 5624 | Z7: 9020 | AA7: 8306 | AB7: 7791 | AC7: 6449 | AD7: 5563 | AE7: 4480 | AF7: 3897 | AG7: 3224 | AH7: 1715 | AI7: 2136 | AJ7: 4427 | AK7: 5369 | AL7: 8503 | AM7: 8436 | AN7: 8299 | AO7: 5924 | AP7: 6427 | AQ7: 5072 | AR7: 4674 | AS7: 3435 | AT7: 1753 | AU7: 2200 | AV7: 4933
A8: 7 | B8: 6-10 | C8: 2391 | D8: 3441 | E8: 2201 | F8: 1736 | G8: 1248 | H8: 1033 | I8: 1068 | J8: 1044 | K8: 1933 | L8: 2868 | M8: 4165 | N8: 5152 | O8: 5822 | P8: 6934 | Q8: 4580 | R8: 4373 | S8: 3234 | T8: 3329 | U8: 1671 | V8: 1692 | W8: 2836 | X8: 4860 | Y8: 5602 | Z8: 8722 | AA8: 8183 | AB8: 6661 | AC8: 5696 | AD8: 5242 | AE8: 4318 | AF8: 3788 | AG8: 3216 | AH8: 1542 | AI8: 1703 | AJ8: 4195 | AK8: 5277 | AL8: 7587 | AM8: 7511 | AN8: 7142 | AO8: 4593 | AP8: 5391 | AQ8: 4127 | AR8: 4641 | AS8: 3368 | AT8: 1738 | AU8: 2174 | AV8: 4123
A9: 8 | B9: 6-10 | C9: 2318 | D9: 2928 | E9: 2155 | F9: 1558 | G9: 1196 | H9: 875 | I9: 966 | J9: 1033 | K9: 1707 | L9: 2753 | M9: 4162 | N9: 5106 | O9: 5479 | P9: 6843 | Q9: 4458 | R9: 3817 | S9: 3170 | T9: 2320 | U9: 1367 | V9: 1478 | W9: 2757 | X9: 4781 | Y9: 5233 | Z9: 7886 | AA9: 7605 | AB9: 6173 | AC9: 4530 | AD9: 4921 | AE9: 2922 | AF9: 3496 | AG9: 3208 | AH9: 1416 | AI9: 1694 | AJ9: 4019 | AK9: 5190 | AL9: 7006 | AM9: 6944 | AN9: 6624 | AO9: 4508 | AP9: 3399 | AQ9: 3749 | AR9: 4587 | AS9: 3160 | AT9: 1723 | AU9: 2153 | AV9: 4068
A10: 9 | B10: 6-10 | C10: 2318 | D10: 2709 | E10: 2013 | F10: 1479 | G10: 1078 | H10: 828 | I10: 924 | J10: 1010 | K10: 1285 | L10: 2218 | M10: 4141 | N10: 4557 | O10: 5119 | P10: 6053 | Q10: 4195 | R10: 3566 | S10: 3107 | T10: 2286 | U10: 1311 | V10: 1417 | W10: 2339 | X10: 4500 | Y10: 4826 | Z10: 7629 | AA10: 7160 | AB10: 5866 | AC10: 4151 | AD10: 3718 | AE10: 2760 | AF10: 3316 | AG10: 3207 | AH10: 1386 | AI10: 1650 | AJ10: 3689 | AK10: 5143 | AL10: 6186 | AM10: 6584 | AN10: 6161 | AO10: 4280 | AP10: 2847 | AQ10: 3520 | AR10: 4296 | AS10: 3153 | AT10: 1718 | AU10: 1819 | AV10: 3932
A11: 10 | B11: 6-10 | C11: 2297 | D11: 2709 | E11: 1827 | F11: 1405 | G11: 1023 | H11: 813 | I11: 921 | J11: 907 | K11: 1215 | L11: 1911 | M11: 4049 | N11: 4452 | O11: 4935 | P11: 5848 | Q11: 4169 | R11: 3045 | S11: 1749 | T11: 2130 | U11: 1286 | V11: 1239 | W11: 2225 | X11: 3732 | Y11: 4430 | Z11: 6895 | AA11: 6856 | AB11: 4842 | AC11: 3629 | AD11: 3208 | AE11: 2197 | AF11: 3127 | AG11: 3187 | AH11: 1371 | AI11: 1570 | AJ11: 3211 | AK11: 5143 | AL11: 5239 | AM11: 5656 | AN11: 6075 | AO11: 3832 | AP11: 2471 | AQ11: 3104 | AR11: 3100 | AS11: 3125 | AT11: 1702 | AU11: 1582 | AV11: 3858
A12: 11 | B12: 11-15 | C12: 2242 | D12: 2707 | E12: 1784 | F12: 1270 | G12: 1017 | H12: 769 | I12: 918 | J12: 839 | K12: 1153 | L12: 1907 | M12: 3391 | N12: 4404 | O12: 4232 | P12: 5728 | Q12: 2715 | R12: 2626 | S12: 1658 | T12: 1996 | U12: 1137 | V12: 1073 | W12: 1841 | X12: 3476 | Y12: 4241 | Z12: 6648 | AA12: 5966 | AB12: 4491 | AC12: 3343 | AD12: 2879 | AE12: 2181 | AF12: 2393 | AG12: 3183 | AH12: 1264 | AI12: 1507 | AJ12: 3116 | AK12: 4851 | AL12: 5186 | AM12: 5632 | AN12: 5836 | AO12: 3599 | AP12: 2437 | AQ12: 3080 | AR12: 3024 | AS12: 3122 | AT12: 1674 | AU12: 1377 | AV12: 3677
A13: 12 | B13: 11-15 | C13: 2145 | D13: 2557 | E13: 1761 | F13: 1265 | G13: 963 | H13: 750 | I13: 796 | J13: 688 | K13: 1038 | L13: 1810 | M13: 3357 | N13: 4335 | O13: 3401 | P13: 5444 | Q13: 2631 | R13: 2510 | S13: 1595 | T13: 1935 | U13: 1109 | V13: 1031 | W13: 1787 | X13: 3397 | Y13: 4214 | Z13: 6382 | AA13: 5837 | AB13: 4226 | AC13: 3282 | AD13: 2861 | AE13: 2170 | AF13: 2219 | AG13: 3175 | AH13: 1247 | AI13: 1307 | AJ13: 2751 | AK13: 4552 | AL13: 5070 | AM13: 5631 | AN13: 5250 | AO13: 2920 | AP13: 2281 | AQ13: 2395 | AR13: 2970 | AS13: 3115 | AT13: 1462 | AU13: 1373 | AV13: 3266
... A81: 80 | B81: 51 - 80 | C81: 326 | D81: 375 | E81: 325 | F81: 146 | G81: 198 | H81: 183 | I81: 165 | J81: 188 | K81: 250 | L81: 328 | M81: 665 | N81: 946 | O81: 794 | P81: 927 | Q81: 586 | R81: 520 | S81: 478 | T81: 361 | U81: 236 | V81: 226 | W81: 337 | X81: 588 | Y81: 851 | Z81: 1151 | AA81: 1188 | AB81: 976 | AC81: 814 | AD81: 587 | AE81: 505 | AF81: 397 | AG81: 385 | AH81: 288 | AI81: 330 | AJ81: 672 | AK81: 1086 | AL81: 1766 | AM81: 1507 | AN81: 1201 | AO81: 829 | AP81: 739 | AQ81: 624 | AR81: 638 | AS81: 534 | AT81: 344 | AU81: 333 | AV81: 822

Sheet 加拿大
A1: 站点 | B1: 年份 | C1: 1月 | D1: 2月 | E1: 3月 | F1: 4月 | G1: 5月 | H1: 6月 | I1: 7月 | J1: 8月 | K1: 9月 | L1: 10月 | M1: 11月 | N1: 12月 | O1: 总计 | P1: 增幅 | Q1: 备注
A2: 加拿大站 | B2: 2023 | I2: 2256 | J2: 3863 | K2: 2413 | L2: 1076 | M2: 578 | N2: 633 | O2: 10819
A3: 加拿大站 | B3: 2024 | C3: 383 | D3: 751 | E3: 1766 | F3: 7129 | G3: 13704 | H3: 17270 | I3: 15638 | J3: 10297 | K3: 6374 | L3: 3959 | M3: 2999 | N3: 1727 | O3: 81997 | P3: =(SUM(I3:N3)-SUM(I2:N2))/SUM(I2:N2) | Q3: 7月-12月对比
A4: 加拿大站 | B4: 2025 | C4: 1930 | D4: 3132 | E4: 7295 | F4: 18925 | G4: 31783 | H4: 29302 | I4: 30274 | J4: 20732 | K4: 20844 | L4: 8656 | M4: 5725 | N4: 3917 | O4: 182515 | P4: =(SUM(C4:N4)-SUM(C3:N3))/SUM(C3:N3) | Q4: 全年对比
A5: 加拿大站 | B5: 2026 | C5: 3271 | D5: 3985 | E5: 8218 | F5: 18967 | G5: 50159 | H5: 44006 | O5: 128606 | P5: =(SUM(C5:H5)-SUM(C4:H4))/SUM(C4:H4) | Q5: 1月-6月对比
A6: 美国站 | B6: 2023 | D6: 82706 | E6: 113444 | F6: 203753 | G6: 302414 | H6: 261330 | I6: 291119 | J6: 201675 | K6: 171649 | L6: 146304 | M6: 145787 | N6: 89479 | O6: 2009660
A7: 美国站 | B7: 2024 | C7: 87191 | D7: 127337 | E7: 216915 | F7: 269471 | G7: 383714 | H7: 390099 | I7: 319666 | J7: 239542 | K7: 203403 | L7: 182016 | M7: 170185 | N7: 110163 | O7: 2699702 | P7: =(SUM(I7:N7)-SUM(I6:N6))/SUM(I6:N6)
A8: 美国站 | B8: 2025 | C8: 92714 | D8: 113827 | E8: 214067 | F8: 311848 | G8: 406741 | H8: 410998 | I8: 357430 | J8: 253940 | K8: 206664 | L8: 176233 | M8: 168409 | N8: 115033 | O8: 2827904 | P8: =(SUM(C8:N8)-SUM(C7:N7))/SUM(C7:N7)
A9: 美国站 | B9: 2026 | C9: 87646 | D9: 102530 | E9: 244231 | F9: 324954 | G9: 379370 | H9: 449449 | O9: 1588180 | P9: =(SUM(C9:H9)-SUM(C8:H8))/SUM(C8:H8)
A10: 总计 | C10: 273135 | D10: 434268 | E10: 805936 | F10: 1155047 | G10: 1567885 | H10: 1602454 | I10: 1016383 | J10: 730049 | K10: 611347 | L10: 518244 | M10: 493683 | N10: 320952 | O10: 9529383

Sheet BSR目标
A1: 站点 | B1: 父asin | C1: 父msku | D1: SPU | E1: 对标竞品asin | G1: 46388 | H1: 46419 | I1: 46447 | J1: 46478 | K1: 46508
A2: US | B2: B0CSKDP26Z | C2: PDD25-A | E2: B0CC8M92B9 | F2: 目标BSR | G2: 16-20 | H2: 16-20 | I2: 5-10 | J2: 5-10 | K2: 5-10
A3: US | B3: B0BSKX7ZHN | C3: PPDD05 | E3: B09VCKQDM8 | F3: 目标BSR | G3: 10-16 | H3: 5-10 | I3: 5-10 | J3: 5-10 | K3: 5-10
A4: US | B4: B0B2PCVNYJ | C4: PPDD03-new diamond | E4: B091YMYV7Q | F4: 目标BSR | G4: 1 | H4: 1 | I4: 1 | J4: 1 | K4: 1
A5: US | B5: B0CCJ2MH3N | C5: PPD17 | E5: B09YCTD74F | F5: 目标BSR | G5: 2-5 | H5: 3 | I5: 2 | J5: 1-2 | K5: 1-2
A6: US | B6: B0D17P9F9S | C6: PPDD33 | D6: PD33、PPDD33 | E6: B0CMTKTYCQ | F6: 目标BSR | I6: 50-80 | J6: 50 | K6: 50
A7: US | B7: B0D4PHQJYJ | C7: PD52 | E7: B0CMTKTYCQ | F7: 目标BSR | I7: 50-80 | J7: 50 | K7: 50
A8: US | B8: B0FWJY4CCQ | C8: PD39-NEW | D8: PD39、PPDD39、PDM071 | E8: B0CMTKTYCQ | F8: 目标BSR | I8: 50-80 | J8: 50 | K8: 50
A9: US | B9: B0DBPK9CTR | C9: XD03 | E9: B0DP7BQ88V | F9: 目标BSR | I9: 50-80 | J9: 50 | K9: 50
A10: US | B10: B0DBLYWHF4 | C10: XD17 | E10: B0DBPNHHVP | F10: 目标BSR | I10: 50-80 | J10: 50 | K10: 50
A11: CA | B11: B0CT5G5TVT | C11: CPPDD03-NEW | E11: B0DFM4LVRV | F11: 目标BSR | I11: 1 | J11: 1 | K11: 1
A12: CA | B12: B0D3J2Q1JM | C12: NEWCPD17 | E12: B0BNDLPW1L | F12: 目标BSR | I12: 1-5 | J12: 1-5 | K12: 1-5
A13: CA | B13: B0D3TS4TYR | C13: CPD05-1 | E13: B0CLNRF9P3 | F13: 目标BSR | I13: 16-20 | J13: 5-10 | K13: 5-10
A14: CA | B14: B0DRFTHNM8 | C14: CPDD25 | E14: B0BNDD4CR4 | F14: 目标BSR | I14: 16-20 | J14: 16-20 | K14: 16-20

Sheet 大盘趋势
A1: 站点 | B1: 类目 | C1: 年份 | D1: 月份 | E1: 销量
A2: 美国站 | B2: Outdoor Rugs | C2: 2024 | D2: 1月 | E2: 84794
A3: 美国站 | B3: Outdoor Rugs | C3: 2024 | D3: 2月 | E3: 108354
A4: 美国站 | B4: Outdoor Rugs | C4: 2024 | D4: 3月 | E4: 233983
A5: 美国站 | B5: Outdoor Rugs | C5: 2024 | D5: 4月 | E5: 347426 | Q5: =(P5-P4)/P4
A6: 美国站 | B6: Outdoor Rugs | C6: 2024 | D6: 5月 | E6: 449824
A7: 美国站 | B7: Outdoor Rugs | C7: 2024 | D7: 6月 | E7: 403338
A8: 美国站 | B8: Outdoor Rugs | D8: 7月 | E8: 380697
A9: 美国站 | B9: Outdoor Rugs | D9: 8月 | E9: 269701
A10: 美国站 | B10: Outdoor Rugs | D10: 9月 | E10: 234012
A11: 美国站 | B11: Outdoor Rugs | D11: 10月 | E11: 199521
A12: 美国站 | B12: Outdoor Rugs | D12: 11月 | E12: 162869
A13: 美国站 | B13: Outdoor Rugs | D13: 12月 | E13: 125700
A14: 美国站 | B14: Outdoor Rugs | C14: 2025 | D14: 1月 | E14: 101991
A15: 美国站 | B15: Outdoor Rugs | C15: 2025 | D15: 2月 | E15: 123187
A16: 美国站 | B16: Outdoor Rugs | C16: 2025 | D16: 3月 | E16: 255621
A17: 美国站 | B17: Outdoor Rugs | C17: 2025 | D17: 4月 | E17: 364728
A18: 美国站 | B18: Outdoor Rugs | C18: 2025 | D18: 5月 | E18: 484252
A19: 美国站 | B19: Outdoor Rugs | C19: 2025 | D19: 6月 | E19: 451986
A20: 美国站 | B20: Outdoor Rugs | D20: 7月 | E20: 402639
A21: 美国站 | B21: Outdoor Rugs | D21: 8月 | E21: 275803
A22: 美国站 | B22: Outdoor Rugs | D22: 9月 | E22: 231220
A23: 美国站 | B23: Outdoor Rugs | D23: 10月 | E23: 175245
A24: 美国站 | B24: Outdoor Rugs | D24: 11月 | E24: 167387
A25: 美国站 | B25: Outdoor Rugs | D25: 12月 | E25: 117194
A26: 美国站 | B26: Outdoor Rugs | C26: 2026 | D26: 1月 | E26: 87343
A27: 美国站 | B27: Outdoor Rugs | C27: 2026 | D27: 2月 | E27: 109170
A28: 美国站 | B28: Outdoor Rugs | C28: 2026 | D28: 3月 | E28: 275204
A29: 美国站 | B29: Outdoor Rugs | C29: 2026 | D29: 4月 | E29: 369265
A30: 美国站 | B30: Outdoor Rugs | C30: 2026 | D30: 5月 | E30: 471247
A31: 美国站 | B31: Outdoor Rugs | C31: 2026 | D31: 6月 | E31: 519614

Sheet 26年实际销量
B1: 部门 | C1: 平台 | D1: 店铺名称 | E1: 市场 | F1: 品类 | G1: 产品链接 | H1: 父ASIN | I1: 包含的SPU | J1: TOP定位 | K1: 对标竞品链接 | L1: 负责人 | M1: 定目标逻辑 | N1: 项目 | O1: 2025年 | P1: 增幅 | Q1: 2026年 | R1: 1月实际达成 | S1: 2月实际达成 | T1: 3月实际达成 | U1: 4月实际达成 | V1: 5月实际达成 | W1: 6月实际达成 | X1: 7月实际达成 | Y1: 7月 | Z1: 8月 | AA1: 9月 | AB1: 10月 | AC1: 11月 | AD1: 12月 | AE1: 2027.1月 | AF1: 2027.2月 | AG1: 2027.3月 | AH1: 核心运营策略
A2: {=_xlfn.XLOOKUP(H2,'历史月度销量'!C:C,'历史月度销量'!C:C)} | B2: 运营三部 | C2: 亚马逊 | D2: 亚马逊-北蓉-US | E2: 美国 | F2: Outdoor Rugs | G2: PD03 | H2: B0B2PCVNYJ | I2: PD03 PDM066 PDM064 PD59 PDM077 PDM080 PDM081 | J2: 1 | K2: https://www.amazon.com/SAND-MINE-Reversible-Outdoors-Backyard/dp/B091YMYV7Q/ref=zg_bs_g_16509767011_d_sccl_4/139-0019634-8191247?th=1 | L2: 兰雅 | M2: 跑赢自己 | N2: 目标销售数量 | O2: 118986 | P2: 0.72856483 | Q2: 205675.01 | R2: 3463 | S2: 6157 | T2: 13269 | U2: 15636 | V2: 20137 | W2: 19707 | X2: =IFERROR(_xlfn.XLOOKUP(G:G,'[1]Sheet1'!$F:$F,'[1]Sheet1'!$AJ:$AJ),9962) | Y2: 16500 | Z2: 13000 | AA2: 7800 | AB2: 6000 | AC2: 3800 | AD2: 3000 | AE2: 4200 | AF2: 5500 | AG2: 13300
A3: {=_xlfn.XLOOKUP(H3,'历史月度销量'!C:C,'历史月度销量'!C:C)} | B3: 运营三部 | C3: 亚马逊 | D3: 亚马逊-北蓉-US | E3: 美国 | F3: Outdoor Rugs | G3: PD17 | H3: B0CCJ2MH3N | I3: PD17 PD54 PDN068 PDN067 PDF065 PDF078 PDF80 | J3: 3 | K3: https://www.amazon.com/Pauwer-Outdoor-Waterproof-Reversible-Backyard/dp/B0CPLVVC17/ref=zg_bs_g_16509767011_d_sccl_16/133-9854572-3617550?th=1 | L3: 祝慧敏 | M3: 跑赢自己 | N3: 目标销售数量 | O3: 94858 | P3: 0.77286464 | Q3: 168170.39 | R3: 1954 | S3: 3518 | T3: 9126 | U3: 12488 | V3: 20089 | W3: 21889 | X3: =IFERROR(_xlfn.XLOOKUP(G:G,'[1]Sheet1'!$F:$F,'[1]Sheet1'!$AJ:$AJ),8231) | Y3: 14000 | Z3: 9000 | AA3: 5500 | AB3: 3500 | AC3: 1850 | AD3: 1250 | AE3: 2000 | AF3: 3500 | AG3: 7500
A4: {=_xlfn.XLOOKUP(H4,'历史月度销量'!C:C,'历史月度销量'!C:C)} | B4: 运营三部 | C4: 亚马逊 | D4: 亚马逊-冬豚-US | E4: 美国 | F4: Outdoor Rugs | G4: PD05 | H4: B0BSKX7ZHN | I4: PD05 PDM73 PDM74 | J4: 5 | K4: https://www.amazon.com/HUGEAR-Plastic-Waterproof-Reversible-Entryance/dp/B0DJFP72J9/ref=sr_1_1?crid=34BA5B8QHXP10&dib=eyJ2IjoiMSJ9.JasgdCx2M29KtVcYtUbghw.9r_ADXSRElNSpoVIWUpRcUeDOBlB-8607ZRKA1cXup8&dib_tag=se&keywords=B0DJFP72J9&nsdOptOutParam=true&qid=1763449161&s=home-garden&sprefix=%2Cgarden%2C817&sr=1-1&th=1 | L4: 展帅 | M4: 跑赢自己 | N4: 目标销售数量 | O4: 52522 | P4: 0.59129398 | Q4: 83577.942 | R4: 1007 | S4: 2460 | T4: 5726 | U4: 6175 | V4: 8181 | W4: 9323 | X4: =IFERROR(_xlfn.XLOOKUP(G:G,'[1]Sheet1'!$F:$F,'[1]Sheet1'!$AJ:$AJ),5836) | Y4: 7200 | Z4: 4000 | AA4: 2400 | AB4: 2100 | AC4: 1100 | AD4: 900 | AE4: 1200 | AF4: 2500 | AG4: 4800
A5: {=_xlfn.XLOOKUP(H5,'历史月度销量'!C:C,'历史月度销量'!C:C)} | B5: 运营三部 | C5: 亚马逊 | D5: 亚马逊-冬豚-US | E5: 美国 | F5: Outdoor Rugs | G5: PD25 | H5: B0CSKDP26Z | I5: PD25 PDM072 | J5: 10 | K5: https://www.amazon.com/Outdoor-Clearance-Waterproof-Camping-Reversible/dp/B09PH7HRQG/ref=zg_bs_g_16509767011_d_sccl_18/141-5410386-7383464?th=1 | L5: 陈家俊 | M5: 跑赢自己 | N5: 目标销售数量 | O5: 36559 | P5: 0.68019495 | Q5: 61426.247 | R5: 695 | S5: 911 | T5: 3282 | U5: 4188 | V5: 7212 | W5: 7492 | X5: =IFERROR(_xlfn.XLOOKUP(G:G,'[1]Sheet1'!$F:$F,'[1]Sheet1'!$AJ:$AJ),4582) | Y5: 5700 | Z5: 3300 | AA5: 1900 | AB5: 1500 | AC5: 1000 | AD5: 500 | AE5: 650 | AF5: 900 | AG5: 2700
A6: {=_xlfn.XLOOKUP(H6,'历史月度销量'!C:C,'历史月度销量'!C:C)} | B6: 运营三部 | C6: 亚马逊 | D6: 亚马逊-凯燕归-US | E6: 美国 | F6: Outdoor Rugs | G6: XD03 | H6: B0DBPK9CTR | I6: XD03 | J6: 50 | K6: https://www.amazon.com/dp/B0DBLXTZ2H?th=1 | L6: 程慧 | M6: 跑赢自己 | N6: 目标销售数量 | O6: 13861 | P6: -0.001542997 | Q6: 13839.613 | R6: 32 | S6: 44 | T6: 1058 | U6: 1599 | V6: 1951 | W6: 1352 | X6: =IFERROR(_xlfn.XLOOKUP(G:G,'[1]Sheet1'!$F:$F,'[1]Sheet1'!$AJ:$AJ),1079) | Y6: 800 | AG6: 900
A7: {=_xlfn.XLOOKUP(H7,'历史月度销量'!C:C,'历史月度销量'!C:C)} | B7: 运营三部 | C7: 亚马逊 | D7: 亚马逊-凯燕归-US | E7: 美国 | F7: Outdoor Rugs | G7: XD17 | H7: B0DBLYWHF4 | I7: XD17 | J7: 25 | K7: https://www.amazon.com/OLANLY-Waterproof-Outdoor-Reversible-Backyard/dp/B0DCRKX4M2/ref=zg_bs_g_16509767011_d_sccl_94/133-9854572-3617550?th=1 | L7: 谢琳莎 | M7: 跑赢自己 | N7: 目标销售数量 | O7: 18062 | P7: 0.073464531 | Q7: 19388.916 | R7: 57 | S7: 117 | T7: 1156 | U7: 2046 | V7: 3105 | W7: 2693 | X7: =IFERROR(_xlfn.XLOOKUP(G:G,'[1]Sheet1'!$F:$F,'[1]Sheet1'!$AJ:$AJ),1481) | Y7: 900 | AG7: 1035
A8: {=_xlfn.XLOOKUP(H8,'历史月度销量'!C:C,'历史月度销量'!C:C)} | B8: 运营三部 | C8: 亚马逊 | D8: 亚马逊-北蓉-US | E8: 美国 | F8: Outdoor Rugs | G8: PD33 | H8: B0D17P9F9S | I8: PD33 | J8: 50 | K8: https://www.amazon.com/WILDROOTS-Plastic-Resistant-Waterproof-Reversible/dp/B0DX1VMGNB/ref=zg_bs_g_16509767011_d_sccl_29/141-5410386-7383464?th=1 | L8: 程慧 | M8: 跑赢大盘 | N8: 目标销售数量 | O8: 7746 | P8: 0.72593736 | Q8: 13369.111 | T8: 723 | U8: 1718 | V8: 2424 | W8: 1390 | X8: =IFERROR(_xlfn.XLOOKUP(G:G,'[1]Sheet1'!$F:$F,'[1]Sheet1'!$AJ:$AJ),1169) | Y8: 600 | AG8: 800
A9: {=_xlfn.XLOOKUP(H9,'历史月度销量'!C:C,'历史月度销量'!C:C)} | B9: 运营三部 | C9: 亚马逊 | D9: 亚马逊-北蓉-US | E9: 美国 | F9: Outdoor Rugs | G9: PD52 | H9: B0D4PHQJYJ | I9: PD52 PD47 | J9: 50 | K9: https://www.amazon.com/MontVoo-Rug-Waterproof-Reversible-Backyard-Farmhouse/dp/B0DHXDG87B/ref=zg_bs_g_16509767011_d_sccl_26/136-5722474-7668953?psc=1 | L9: 谢琳莎 | M9: 跑赢大盘 | N9: 目标销售数量 | O9: 6280 | P9: 1.2254449 | Q9: 13975.794 | T9: 1129 | U9: 1478 | V9: 2317 | W9: 1897 | X9: =IFERROR(_xlfn.XLOOKUP(G:G,'[1]Sheet1'!$F:$F,'[1]Sheet1'!$AJ:$AJ),617) | Y9: 600 | AG9: 900
A10: {=_xlfn.XLOOKUP(H10,'历史月度销量'!C:C,'历史月度销量'!C:C)} | B10: 运营三部 | C10: 亚马逊 | D10: 亚马逊-北蓉-US | E10: 美国 | F10: Outdoor Rugs | G10: PD39 | H10: B0FWJY4CCQ | I10: PD39 PDM071 | J10: 50 | K10: https://www.amazon.com/MontVoo-Outdoor-Waterproof-Reversible-Beach-Boho/dp/B0CLP18RZQ/ref=zg_bs_g_16509767011_d_sccl_14/141-5410386-7383464?th=1 | L10: 谢琳莎 | M10: 跑赢大盘 | N10: 目标销售数量 | O10: 5342 | P10: 1.5313559 | Q10: 13522.503 | T10: 980 | U10: 1634 | V10: 2195 | W10: 1599 | X10: =IFERROR(_xlfn.XLOOKUP(G:G,'[1]Sheet1'!$F:$F,'[1]Sheet1'!$AJ:$AJ),1196) | Y10: 600 | AG10: 800
A11: {=_xlfn.XLOOKUP(H11,'历史月度销量'!C:C,'历史月度销量'!C:C)} | B11: 运营三部 | C11: 亚马逊 | D11: 亚马逊-北蓉-US | E11: 美国 | F11: Outdoor Rugs | G11: PDF075 | H11: B0G57MLPKW | I11: PDF075 PDF076 | J11: 50 | K11: https://www.amazon.com/dp/B0DCRL8TGG?th=1 | L11: 陈家俊 | M11: 跑赢大盘 | N11: 目标销售数量 | O11: 0 | P11: #DIV/0! | Q11: 10114.56 | T11: 164 | U11: 793 | V11: 1217 | W11: 1738 | X11: =IFERROR(_xlfn.XLOOKUP(G:G,'[1]Sheet1'!$F:$F,'[1]Sheet1'!$AJ:$AJ),798) | Y11: 600
A12: {=_xlfn.XLOOKUP(H12,'历史月度销量'!C:C,'历史月度销量'!C:C)} | B12: 运营三部 | C12: 亚马逊 | D12: 亚马逊-北蓉-CA | E12: 加拿大 | F12: Outdoor Rugs | G12: CPD33 | H12: B0G4QZGW8H | I12: CPD33 | J12: 20 | K12: https://www.amazon.ca/dp/B0DJ2Q4KTZ?th=1 | L12: 兰雅 | M12: 跑赢大盘 | N12: 目标销售数量 | O12: 0 | P12: #DIV/0! | Q12: 3893.3762 | T12: 83 | U12: 447 | V12: 791 | W12: 592 | X12: =IFERROR(_xlfn.XLOOKUP(G:G,'[1]Sheet1'!$F:$F,'[1]Sheet1'!$AJ:$AJ),205) | Y12: 150 | AG12: 76
A13: {=_xlfn.XLOOKUP(H13,'历史月度销量'!C:C,'历史月度销量'!C:C)} | B13: 运营三部 | C13: 亚马逊 | D13: 亚马逊-北蓉-CA | E13: 加拿大 | F13: Outdoor Rugs | G13: CPD52 | H13: B0G5XMQ3JY | I13: CPD52 CPD47 | J13: 20 | K13: https://www.amazon.ca/LOKHOM-Outdoor-Reversible-Plastic-Waterproof/dp/B0CNTDMVMD/ref=zg_bs_g_37288342011_d_sccl_49/135-3496690-1344336?th=1 | L13: 谢琳莎 | M13: 跑赢大盘 | N13: 目标销售数量 | P13: #DIV/0! | Q13: 3399.4333 | T13: 54 | U13: 317 | V13: 552 | W13: 483 | X13: =IFERROR(_xlfn.XLOOKUP(G:G,'[1]Sheet1'!$F:$F,'[1]Sheet1'!$AJ:$AJ),621) | Y13: 150
A14: {=_xlfn.XLOOKUP(H14,'历史月度销量'!C:C,'历史月度销量'!C:C)} | B14: 运营三部 | C14: 亚马逊 | D14: 亚马逊-北蓉-CA | E14: 加拿大 | F14: Outdoor Rugs | G14: CPD39 | H14: B0G5TQY132 | I14: CPD39 | J14: 20 | K14: https://www.amazon.ca/Outdoor-Fashion-Rugs-Modern-Reversible-Backyard/dp/B0CMTNR7WK/ref=zg_bs_g_37288342011_d_sccl_22/135-3496690-1344336?th=1 | L14: 谢琳莎 | M14: 跑赢大盘 | N14: 目标销售数量 | P14: #DIV/0! | Q14: 3627.8081 | T14: 44 | U14: 352 | V14: 699 | W14: 539 | X14: =IFERROR(_xlfn.XLOOKUP(G:G,'[1]Sheet1'!$F:$F,'[1]Sheet1'!$AJ:$AJ),292) | Y14: 150
A15: {=_xlfn.XLOOKUP(H15,'历史月度销量'!C:C,'历史月度销量'!C:C)} | B15: 运营三部 | C15: 亚马逊 | D15: 亚马逊-北蓉-CA | E15: 加拿大 | F15: Outdoor Rugs | G15: CPD03 | H15: B0CT5G5TVT | I15: CPD03 | J15: 1 | K15: https://www.amazon.ca/dp/B0DN9XQZ2C?th=1 | L15: 程慧 | M15: 跑赢自己 | N15: 目标销售数量 | O15: 11468 | P15: 0.5554698 | Q15: 17838.128 | R15: 64 | S15: 58 | T15: 590 | U15: 1784 | V15: 3108 | W15: 2568 | X15: =IFERROR(_xlfn.XLOOKUP(G:G,'[1]Sheet1'!$F:$F,'[1]Sheet1'!$AJ:$AJ),1208) | Y15: 1850 | AE15: 50 | AF15: 110 | AG15: 550
A16: {=_xlfn.XLOOKUP(H16,'历史月度销量'!C:C,'历史月度销量'!C:C)} | B16: 运营三部 | C16: 亚马逊 | D16: 亚马逊-北蓉-CA | E16: 加拿大 | F16: Outdoor Rugs | G16: CPD17 | H16: B0D3J2Q1JM | I16: CPD17 | J16: 5 | K16: https://www.amazon.ca/Cekene-Waterproof-Reversible-Lightweight-Portable/dp/B0DK2WH5N9/ref=zg_bs_g_37288342011_d_sccl_44/135-3496690-1344336?th=1 | L16: 谢琳莎 | M16: 跑赢自己 | N16: 目标销售数量 | O16: 8683 | P16: 0.61958206 | Q16: 14062.831 | R16: 16 | S16: 61 | T16: 336 | U16: 1531 | V16: 2405 | W16: 2120 | X16: =IFERROR(_xlfn.XLOOKUP(G:G,'[1]Sheet1'!$F:$F,'[1]Sheet1'!$AJ:$AJ),1231) | Y16: 1600 | AE16: 60 | AF16: 130 | AG16: 600
A17: {=_xlfn.XLOOKUP(H17,'历史月度销量'!C:C,'历史月度销量'!C:C)} | B17: 运营三部 | C17: 亚马逊 | D17: 亚马逊-冬豚-CA | E17: 加拿大 | F17: Outdoor Rugs | G17: CPD05 | H17: B0D3TS4TYR | I17: CPD05 | J17: 8 | K17: https://www.amazon.ca/dp/B0CLNRF9P3?th=1 | L17: 展帅 | M17: 跑赢自己 | N17: 目标销售数量 | O17: 4934 | P17: 0.37819472 | Q17: 6800.0127 | R17: 7 | S17: 20 | T17: 188 | U17: 571 | V17: 1100 | W17: 1199 | X17: =IFERROR(_xlfn.XLOOKUP(G:G,'[1]Sheet1'!$F:$F,'[1]Sheet1'!$AJ:$AJ),590) | Y17: 700 | AF17: 30 | AG17: 150
A18: {=_xlfn.XLOOKUP(H18,'历史月度销量'!C:C,'历史月度销量'!C:C)} | B18: 运营三部 | C18: 亚马逊 | D18: 亚马逊-冬豚-CA | E18: 加拿大 | F18: Outdoor Rugs | G18: CPD25 | H18: B0DRFTHNM8 | I18: CPD25 | J18: 10 | K18: https://www.amazon.ca/TECHMILLY-Outdoor-Waterproof-Reversible-Portable/dp/B0D9PWS1GH/ref=zg_bs_g_37288342011_d_sccl_17/135-3496690-1344336?th=1 | L18: 陈家俊 | M18: 跑赢自己 | N18: 目标销售数量 | O18: 3044 | P18: 0.52071119 | Q18: 4629.0449 | R18: 11 | S18: 13 | T18: 61 | U18: 411 | V18: 776 | W18: 758 | X18: =IFERROR(_xlfn.XLOOKUP(G:G,'[1]Sheet1'!$F:$F,'[1]Sheet1'!$AJ:$AJ),694) | Y18: 240 | AF18: 30 | AG18: 150
A19: {=_xlfn.XLOOKUP(H19,'历史月度销量'!C:C,'历史月度销量'!C:C)} | B19: 运营三部 | C19: 亚马逊 | D19: 亚马逊-北蓉-US | E19: 美国 | F19: Outdoor Rugs | G19: SMZ1005 | H19: B0FY6755WX | I19: SMZ1005 SMZ2016 | J19: 10 | L19: 陆彤彤 | M19: 跑赢大盘 | N19: 目标销售数量 | O19: 799 | P19: 63.314287 | Q19: 51387.115 | R19: 432 | S19: 1348 | T19: 3429 | U19: 5550 | V19: 5738 | X19: =IFERROR(_xlfn.XLOOKUP(G:G,'[1]Sheet1'!$F:$F,'[1]Sheet1'!$AJ:$AJ),0) | Y19: 5753 | Z19: 2414 | AA19: 1831 | AB19: 1715 | AC19: 1458 | AD19: 1139 | AE19: 1000 | AF19: 2500 | AG19: 4500
A20: {=_xlfn.XLOOKUP(H20,'历史月度销量'!C:C,'历史月度销量'!C:C)} | B20: 运营三部 | C20: 亚马逊 | D20: 亚马逊-北蓉-US | E20: 美国 | F20: Outdoor Rugs | G20: SMZ009 | H20: B0G5N8NLPJ | I20: SMZ009 SMZ012 ARF004 ARF005 | J20: 30 | L20: 张海琴 | M20: 跑赢大盘 | N20: 目标销售数量 | O20: 1656 | P20: 16.625835 | Q20: 29188.383 | R20: 181 | T20: 2009 | U20: 2296 | V20: 3244 | W20: 3278 | X20: =IFERROR(_xlfn.XLOOKUP(G:G,'[1]Sheet1'!$F:$F,'[1]Sheet1'!$AJ:$AJ),2170) | Y20: 2307 | Z20: 1425 | AA20: 1200 | AB20: 1054 | AC20: 895 | AD20: 761 | AE20: 650 | AF20: 900 | AG20: 2000
A21: {=_xlfn.XLOOKUP(H21,'历史月度销量'!C:C,'历史月度销量'!C:C)} | B21: 运营三部 | C21: 亚马逊 | D21: 亚马逊-北蓉-US | E21: 美国 | F21: Outdoor Rugs | G21: SMZ015 | H21: B0FZRS1ZG3 | I21: SMZ015 SMZ016 ARF003 ARF006 ARF015 ARF016 | J21: 40 | L21: 陆彤彤 | M21: 跑赢大盘 | N21: 目标销售数量 | O21: 1040 | P21: 20.54087 | Q21: 22402.505 | R21: 294 | S21: 796 | T21: 1640 | U21: 1959 | V21: 2447 | X21: =IFERROR(_xlfn.XLOOKUP(G:G,'[1]Sheet1'!$F:$F,'[1]Sheet1'!$AJ:$AJ),0) | Y21: 2265 | Z21: 1192 | AA21: 973 | AB21: 876 | AC21: 770 | AD21: 655 | AE21: 500 | AF21: 680 | AG21: 1300
A22: {=_xlfn.XLOOKUP(H22,'历史月度销量'!C:C,'历史月度销量'!C:C)} | B22: 运营三部 | C22: 亚马逊 | D22: 亚马逊-北蓉-US | E22: 美国 | F22: Outdoor Rugs | G22: ARP22 | H22: B0G6D74HNR | I22: ARP22 ARP21 | J22: 80 | L22: 陆彤彤 | M22: 跑赢大盘 | N22: 目标销售数量 | O22: 0 | P22: #DIV/0! | Q22: 4001.4792 | T22: 369 | U22: 634 | V22: 223 | X22: =IFERROR(_xlfn.XLOOKUP(G:G,'[1]Sheet1'!$F:$F,'[1]Sheet1'!$AJ:$AJ),0) | Y22: 0 | Z22: 145 | AA22: 1060 | AB22: 533 | AC22: 0 | AD22: 0
A23: {=_xlfn.XLOOKUP(H23,'历史月度销量'!C:C,'历史月度销量'!C:C)} | B23: 运营三部 | C23: 亚马逊 | D23: 亚马逊-北蓉-CA | E23: 加拿大 | F23: Outdoor Rugs | G23: SMZ1005-CA | H23: B0FPXB7JYX B0G8J89RCT | I23: SMZ1005 | J23: 20 | L23: 陆彤彤 | M23: 目标待定 | N23: 目标销售数量 | P23: #DIV/0! | Q23: #DIV/0! | R23: 45 | S23: 45 | U23: 485 | V23: 553 | X23: =IFERROR(_xlfn.XLOOKUP(G:G,'[1]Sheet1'!$F:$F,'[1]Sheet1'!$AJ:$AJ),0) | Y23: 700 | Z23: 450 | AA23: 350 | AB23: 150 | AC23: 100 | AD23: 100
A24: {=_xlfn.XLOOKUP(H24,'历史月度销量'!C:C,'历史月度销量'!C:C)} | B24: 运营三部 | C24: 亚马逊 | D24: 亚马逊-北蓉-CA | E24: 加拿大 | F24: Outdoor Rugs | G24: SMZ009-CA | H24: B0G8HHCDJX | I24: SMZ009 | J24: 30 | L24: 张海琴 | M24: 目标待定 | N24: 目标销售数量 | P24: #DIV/0! | Q24: #DIV/0! | R24: 10 | S24: 11 | U24: 132 | V24: 309 | W24: 108 | X24: =IFERROR(_xlfn.XLOOKUP(G:G,'[1]Sheet1'!$F:$F,'[1]Sheet1'!$AJ:$AJ),23) | Y24: 270 | Z24: 190 | AA24: 150 | AB24: 100
A25: {=_xlfn.XLOOKUP(H25,'历史月度销量'!C:C,'历史月度销量'!C:C)} | B25: 运营三部 | C25: 亚马逊 | D25: 亚马逊-冬豚-US | E25: 美国 | F25: Kitchen rugs | G25: KR5006 | H25: B0DGTQLDZR | I25: KR8201 KR5006 KR5001 KR5020 KR5102 KR5103 | J25: 35 | L25: 刘佳琦 | M25: 跑赢自己 | N25: 目标销售数量 | O25: 8450 | P25: 0.57988166 | Q25: 22508.192 | R25: 1218 | S25: 912 | T25: 1084 | U25: 698 | V25: 814 | W25: 678 | X25: =IFERROR(_xlfn.XLOOKUP(G:G,'[1]Sheet1'!$F:$F,'[1]Sheet1'!$AJ:$AJ),0) | Y25: 1700 | Z25: 1500 | AA25: 1450 | AB25: 1400 | AC25: 1750 | AD25: 1500 | AE25: 1350 | AF25: 1300 | AG25: 1400
A26: {=_xlfn.XLOOKUP(H26,'历史月度销量'!C:C,'历史月度销量'!C:C)} | B26: 运营三部 | C26: 亚马逊 | D26: 亚马逊-冬豚-US | E26: 美国 | F26: Kitchen rugs | G26: KR011 | H26: B0F993JPKP | I26: KR011 | J26: 40 | K26: https://www.amazon.com/HEBE-Fatigue-Cushioned-Standing-Waterproof/dp/B08PVCD9NQ/ref=zg_bs_g_644050011_d_sccl_35/139-7976076-6503513?psc=1 | L26: 刘佳琦 | M26: 跑赢竞品 | N26: 目标销售数量 | O26: 3388 | P26: 5.6426574 | Q26: 22505.323 | R26: 1069 | S26: 783 | T26: 1250 | U26: 868 | V26: 1277 | W26: 1303 | X26: =IFERROR(_xlfn.XLOOKUP(G:G,'[1]Sheet1'!$F:$F,'[1]Sheet1'!$AJ:$AJ),0) | Y26: 1500 | Z26: 1300 | AA26: 1340 | AB26: 1260 | AC26: 1650 | AD26: 1550 | AE26: 1300 | AF26: 1250 | AG26: 1250
A27: {=_xlfn.XLOOKUP(H27,'历史月度销量'!C:C,'历史月度销量'!C:C)} | B27: 运营三部 | C27: 亚马逊 | D27: 亚马逊-冬豚-US | E27: 美国 | F27: Kitchen rugs | G27: KR9779 | H27: B0DW3VKDTW | I27: KR9779 KR9776 KR2024 | J27: 45 | L27: 刘佳琦 | M27: 跑赢自己 | N27: 目标销售数量 | O27: 8334 | P27: 0.80585553 | Q27: 21800.621 | R27: 1135 | S27: 1288 | T27: 1487 | U27: 828 | V27: 1103 | W27: 904 | X27: =IFERROR(_xlfn.XLOOKUP(G:G,'[1]Sheet1'!$F:$F,'[1]Sheet1'!$AJ:$AJ),0) | Y27: 1500 | Z27: 1200 | AA27: 1200 | AB27: 1200 | AC27: 1550 | AD27: 1200 | AE27: 1200 | AF27: 1200 | AG27: 1250
A28: {=_xlfn.XLOOKUP(H28,'历史月度销量'!C:C,'历史月度销量'!C:C)} | B28: 运营三部 | C28: 亚马逊 | D28: 亚马逊-冬豚-US | E28: 美国 | F28: Kitchen rugs | G28: KR1002 | H28: B0DGTF5FQ8 | I28: KR1002 KRM017 KR1007 KR1006 KR2026（6月之后） KR002（6月之后） | J28: 5 | L28: 郝婷婷 | M28: 跑赢自己 | N28: 目标销售数量 | O28: 60330 | P28: 0.86675543 | Q28: 112621.36 | R28: 5875 | S28: 4586 | T28: 5870 | U28: 5551 | V28: 5686 | W28: 5248 | X28: =IFERROR(_xlfn.XLOOKUP(G:G,'[1]Sheet1'!$F:$F,'[1]Sheet1'!$AJ:$AJ),0) | Y28: 6500 | Z28: 6500 | AA28: 6500 | AB28: 7000 | AC28: 8000 | AD28: 8000 | AE28: 7000 | AF28: 6500 | AG28: 6500
A29: {=_xlfn.XLOOKUP(H29,'历史月度销量'!C:C,'历史月度销量'!C:C)} | B29: 运营三部 | C29: 亚马逊 | D29: 亚马逊-冬豚-CA | E29: 加拿大 | F29: Kitchen rugs | G29: CKR1002 | H29: B0DW77DRCZ | I29: CKR1002 CKR002 CKR2026 CKR9779 | J29: 3 | L29: 郝婷婷 | M29: 跑赢自己 | N29: 目标销售数量 | O29: 5830 | P29: 1.5003939 | Q29: 14577.296 | R29: 730 | S29: 667 | T29: 727 | U29: 621 | V29: 602 | W29: 476 | X29: =IFERROR(_xlfn.XLOOKUP(G:G,'[1]Sheet1'!$F:$F,'[1]Sheet1'!$AJ:$AJ),0) | Y29: 800 | Z29: 800 | AA29: 850 | AB29: 900 | AC29: 1000 | AD29: 1000 | AE29: 1000 | AF29: 950 | AG29: 950
A30: {=_xlfn.XLOOKUP(H30,'历史月度销量'!C:C,'历史月度销量'!C:C)} | B30: 运营三部 | C30: 亚马逊 | D30: 亚马逊-冬豚-US | E30: 美国 | F30: Kitchen rugs | G30: KR2026 | H30: B0DGTF5FQ8 | I30: KR2026 KR002 | J30: 40 | K30: 清仓，后续合并KR1002 | L30: 张海琴 | M30: 目标待定 | N30: 目标销售数量 | P30: #DIV/0! | Q30: 7355.0813 | R30: 971 | S30: 1267 | T30: 1057 | U30: 778 | X30: =IFERROR(_xlfn.XLOOKUP(G:G,'[1]Sheet1'!$F:$F,'[1]Sheet1'!$AJ:$AJ),0)
A31: {=_xlfn.XLOOKUP(H31,'历史月度销量'!C:C,'历史月度销量'!C:C)} | B31: 运营三部 | C31: 亚马逊 | D31: 亚马逊-冬豚-US | E31: 美国 | F31: Kitchen rugs | G31: KR020 | H31: B0G4R6MB7N 仿麻几何 | I31: KR020 KR021 KR022 | J31: 40 | L31: 张海琴 | M31: 目标待定 | N31: 目标销售数量 | P31: #DIV/0! | Q31: 2087.619 | S31: 114 | T31: 233 | U31: 259 | X31: =IFERROR(_xlfn.XLOOKUP(G:G,'[1]Sheet1'!$F:$F,'[1]Sheet1'!$AJ:$AJ),0)
A32: {=_xlfn.XLOOKUP(H32,'历史月度销量'!C:C,'历史月度销量'!C:C)} | B32: 运营三部 | C32: 亚马逊 | D32: 亚马逊-冬豚-US | E32: 美国 | F32: Kitchen rugs | G32: KRM001 | H32: B0GCLN538V | I32: KRM001 KRM002 KRM003 | L32: 刘佳琦 | M32: 目标待定 | N32: 目标销售数量 | P32: #DIV/0! | Q32: 933.1904 | S32: 4 | T32: 119 | X32: =IFERROR(_xlfn.XLOOKUP(G:G,'[1]Sheet1'!$F:$F,'[1]Sheet1'!$AJ:$AJ),0)
A33: {=_xlfn.XLOOKUP(H33,'历史月度销量'!C:C,'历史月度销量'!C:C)} | B33: 运营三部 | C33: 亚马逊 | D33: 亚马逊-冬豚-US | E33: 美国 | F33: Kitchen rugs | G33: KR1002-YHS | H33: B0GFKYL52H | I33: KR1002 KR2026 KR002 KR8303 KR8686 | J33: 15 | L33: 张海琴 | M33: 目标待定 | N33: 目标销售数量 | P33: #DIV/0! | Q33: 3297.7252 | U33: 258 | V33: 600 | X33: =IFERROR(_xlfn.XLOOKUP(G:G,'[1]Sheet1'!$F:$F,'[1]Sheet1'!$AJ:$AJ),0)
A34: {=_xlfn.XLOOKUP(H34,'历史月度销量'!C:C,'历史月度销量'!C:C)} | B34: 运营三部 | C34: 亚马逊 | D34: 亚马逊-冬豚-US | E34: 美国 | F34: Kitchen rugs | G34: KR1002 | H34: B0DGTF5FQ8 | I34: KR5101 | L34: 赵美芳 | M34: 目标待定 | N34: 目标销售数量 | P34: #DIV/0! | Q34: #DIV/0! | S34: 41 | T34: 37 | X34: =IFERROR(_xlfn.XLOOKUP(G:G,'[1]Sheet1'!$F:$F,'[1]Sheet1'!$AJ:$AJ),0)
A35: {=_xlfn.XLOOKUP(H35,'历史月度销量'!C:C,'历史月度销量'!C:C)} | B35: 运营三部 | C35: 亚马逊 | D35: 亚马逊-北蓉-US | E35: 美国 | F35: Outdoor Rugs | G35: 仿麻户外地垫 | H35: B0GJBDVS12 | I35: ARM004 | L35: 张海琴 | M35: 目标待定 | N35: 目标销售数量 | P35: #DIV/0! | Q35: 1449.1857 | U35: 91 | X35: =IFERROR(_xlfn.XLOOKUP(G:G,'[1]Sheet1'!$F:$F,'[1]Sheet1'!$AJ:$AJ),0) | AA35: 175 | AB35: 585 | AC35: 108
A36: {=_xlfn.XLOOKUP(H36,'历史月度销量'!C:C,'历史月度销量'!C:C)} | B36: 运营三部 | C36: 亚马逊 | D36: 亚马逊-北蓉-US | E36: 美国 | F36: Outdoor Rugs | G36: ARB003 | H36: B0GQKJGK4J | I36: ARB003 ARB004 ARM027 ARM028 ARA026 | J36: 50 | L36: 陆彤彤 | M36: 目标待定 | N36: 目标销售数量 | P36: #DIV/0! | Q36: 976 | X36: =IFERROR(_xlfn.XLOOKUP(G:G,'[1]Sheet1'!$F:$F,'[1]Sheet1'!$AJ:$AJ),0) | Y36: 527 | Z36: 390
A37: {=_xlfn.XLOOKUP(H37,'历史月度销量'!C:C,'历史月度销量'!C:C)} | B37: 运营三部 | C37: 亚马逊 | D37: 亚马逊-北蓉-US | E37: 美国 | F37: Outdoor Rugs | G37: 2026年 pp管 圣诞链接（PD63) | H37: 新品未上架 | I37: PD63 PDM82 PDC085 PDC086 | L37: 程慧 | M37: 目标待定 | N37: 目标销售数量 | P37: #DIV/0! | Q37: #DIV/0! | W37: 236 | X37: =IFERROR(_xlfn.XLOOKUP(G:G,'[1]Sheet1'!$F:$F,'[1]Sheet1'!$AJ:$AJ),136) | Y37: 400 | Z37: 400 | AA37: 600 | AB37: 800 | AC37: 3000 | AD37: 700
A38: {=_xlfn.XLOOKUP(H38,'历史月度销量'!C:C,'历史月度销量'!C:C)} | B38: 运营三部 | C38: 亚马逊 | E38: 美国 | F38: Outdoor Rugs | G38: 2027年 PP管 链接1 | H38: 新品未上架 | M38: 目标待定 | N38: 目标销售数量 | P38: #DIV/0! | Q38: #DIV/0! | X38: =IFERROR(_xlfn.XLOOKUP(G:G,'[1]Sheet1'!$F:$F,'[1]Sheet1'!$AJ:$AJ),0) | AG38: 550
A39: {=_xlfn.XLOOKUP(H39,'历史月度销量'!C:C,'历史月度销量'!C:C)} | B39: 运营三部 | C39: 亚马逊 | E39: 美国 | F39: Outdoor Rugs | G39: 2027年 PP管 链接2 | H39: 新品未上架 | M39: 目标待定 | N39: 目标销售数量 | P39: #DIV/0! | Q39: #DIV/0! | X39: =IFERROR(_xlfn.XLOOKUP(G:G,'[1]Sheet1'!$F:$F,'[1]Sheet1'!$AJ:$AJ),0) | AG39: 550
A40: {=_xlfn.XLOOKUP(H40,'历史月度销量'!C:C,'历史月度销量'!C:C)} | B40: 运营三部 | C40: 亚马逊 | E40: 美国 | F40: Outdoor Rugs | G40: 2026年 三明治 链接1 | H40: 新品未上架 | M40: 目标待定 | N40: 目标销售数量 | P40: #DIV/0! | Q40: #DIV/0! | X40: =IFERROR(_xlfn.XLOOKUP(G:G,'[1]Sheet1'!$F:$F,'[1]Sheet1'!$AJ:$AJ),0) | Y40: 1000
A41: {=_xlfn.XLOOKUP(H41,'历史月度销量'!C:C,'历史月度销量'!C:C)} | B41: 运营三部 | C41: 亚马逊 | E41: 美国 | F41: Outdoor Rugs | G41: 2026年 三明治 链接2 | H41: 新品未上架 | M41: 目标待定 | N41: 目标销售数量 | P41: #DIV/0! | Q41: #DIV/0! | X41: =IFERROR(_xlfn.XLOOKUP(G:G,'[1]Sheet1'!$F:$F,'[1]Sheet1'!$AJ:$AJ),0) | Y41: 1000
A42: {=_xlfn.XLOOKUP(H42,'历史月度销量'!C:C,'历史月度销量'!C:C)} | B42: 运营三部 | C42: 亚马逊 | E42: 美国 | F42: Outdoor Rugs | G42: 2026年 三明治 圣诞链接 | H42: 新品未上架 | M42: 目标待定 | N42: 目标销售数量 | P42: #DIV/0! | Q42: #DIV/0! | X42: =IFERROR(_xlfn.XLOOKUP(G:G,'[1]Sheet1'!$F:$F,'[1]Sheet1'!$AJ:$AJ),0) | AB42: 1500
A43: {=_xlfn.XLOOKUP(H43,'历史月度销量'!C:C,'历史月度销量'!C:C)} | B43: 运营三部 | C43: 亚马逊 | E43: 美国 | F43: Outdoor Rugs | G43: 2027年 三明治 链接1 | H43: 新品未上架 | M43: 目标待定 | N43: 目标销售数量 | P43: #DIV/0! | Q43: #DIV/0! | X43: =IFERROR(_xlfn.XLOOKUP(G:G,'[1]Sheet1'!$F:$F,'[1]Sheet1'!$AJ:$AJ),0) | AE43: 300 | AF43: 510 | AG43: 900
A44: {=_xlfn.XLOOKUP(H44,'历史月度销量'!C:C,'历史月度销量'!C:C)} | B44: 运营三部 | C44: 亚马逊 | E44: 加拿大 | F44: Outdoor Rugs | G44: 2027年 三明治 链接1 | H44: 新品未上架 | M44: 目标待定 | N44: 目标销售数量 | P44: #DIV/0! | Q44: #DIV/0! | X44: =IFERROR(_xlfn.XLOOKUP(G:G,'[1]Sheet1'!$F:$F,'[1]Sheet1'!$AJ:$AJ),0) | AE44: 100 | AF44: 100 | AG44: 200
A45: {=_xlfn.XLOOKUP(H45,'历史月度销量'!C:C,'历史月度销量'!C:C)} | B45: 运营三部 | C45: 亚马逊 | E45: 美国 | F45: Outdoor Rugs | G45: 2026年 新材质 链接1 | H45: 新品未上架 | M45: 目标待定 | N45: 目标销售数量 | P45: #DIV/0! | Q45: #DIV/0! | X45: =IFERROR(_xlfn.XLOOKUP(G:G,'[1]Sheet1'!$F:$F,'[1]Sheet1'!$AJ:$AJ),0) | AB45: 1000
A46: {=_xlfn.XLOOKUP(H46,'历史月度销量'!C:C,'历史月度销量'!C:C)} | B46: 运营三部 | C46: 亚马逊 | E46: 美国 | F46: Kitchen rugs | G46: 2026年 PVC/仿羊绒 链接1 | H46: 新品未上架 | N46: 目标销售数量 | P46: #DIV/0! | Q46: #DIV/0! | X46: =IFERROR(_xlfn.XLOOKUP(G:G,'[1]Sheet1'!$F:$F,'[1]Sheet1'!$AJ:$AJ),0) | Y46: 1000
A47: {=_xlfn.XLOOKUP(H47,'历史月度销量'!C:C,'历史月度销量'!C:C)} | B47: 运营三部 | C47: 亚马逊 | E47: 美国 | F47: Kitchen rugs | G47: 2026年 PVC/仿羊绒 链接2 | H47: 新品未上架 | M47: 目标待定 | N47: 目标销售数量 | P47: #DIV/0! | Q47: #DIV/0! | X47: =IFERROR(_xlfn.XLOOKUP(G:G,'[1]Sheet1'!$F:$F,'[1]Sheet1'!$AJ:$AJ),0) | Z47: 1000
A48: {=_xlfn.XLOOKUP(H48,'历史月度销量'!C:C,'历史月度销量'!C:C)} | B48: 运营三部 | C48: 亚马逊 | E48: 美国 | F48: Kitchen rugs | G48: 2026年 仿麻/新材质 链接1 | H48: 新品未上架 | M48: 目标待定 | N48: 目标销售数量 | P48: #DIV/0! | Q48: #DIV/0! | X48: =IFERROR(_xlfn.XLOOKUP(G:G,'[1]Sheet1'!$F:$F,'[1]Sheet1'!$AJ:$AJ),0) | Z48: 1000
A49: {=_xlfn.XLOOKUP(H49,'历史月度销量'!C:C,'历史月度销量'!C:C)} | B49: 运营三部 | C49: 亚马逊 | E49: 美国 | F49: Kitchen rugs | G49: 2027年 仿羊绒/仿麻/新材质 链接1 | H49: 新品未上架 | M49: 目标待定 | N49: 目标销售数量 | P49: #DIV/0! | Q49: #DIV/0! | X49: =IFERROR(_xlfn.XLOOKUP(G:G,'[1]Sheet1'!$F:$F,'[1]Sheet1'!$AJ:$AJ),0) | AE49: 1200 | AF49: 1200 | AG49: 1200
A50: {=_xlfn.XLOOKUP(H50,'历史月度销量'!C:C,'历史月度销量'!C:C)} | B50: 运营三部 | C50: 亚马逊 | E50: 美国 | F50: Kitchen rugs | G50: 2026年圣诞链接 | H50: 新品未上架 | M50: 目标待定 | N50: 目标销售数量 | P50: #DIV/0! | Q50: #DIV/0! | X50: =IFERROR(_xlfn.XLOOKUP(G:G,'[1]Sheet1'!$F:$F,'[1]Sheet1'!$AJ:$AJ),0) | AB50: 1000
A51: {=_xlfn.XLOOKUP(H51,'历史月度销量'!C:C,'历史月度销量'!C:C)} | G51: KR9509 | H51: 新品未上架 | I51: KR9509 KR006 KR014 KR013 KR008 KR009 KR021 KR9608 KR9510 | L51: 刘佳琦 | M51: 目标待定 | N51: 目标销售数量 | Q51: 928 | X51: =IFERROR(_xlfn.XLOOKUP(G:G,'[1]Sheet1'!$F:$F,'[1]Sheet1'!$AJ:$AJ),0) | Z51: 336 | AA51: 592
A52: {=_xlfn.XLOOKUP(H52,'历史月度销量'!C:C,'历史月度销量'!C:C)} | G52: KR007 | H52: 新品未上架 | I52: KR007 KR037 KR048 KR024 KR023 KR015 KR017 KR022 KR1751 | L52: 刘佳琦 | M52: 目标待定 | N52: 目标销售数量 | Q52: 520 | X52: =IFERROR(_xlfn.XLOOKUP(G:G,'[1]Sheet1'!$F:$F,'[1]Sheet1'!$AJ:$AJ),0) | Z52: 308 | AA52: 212
A53: {=_xlfn.XLOOKUP(H53,'历史月度销量'!C:C,'历史月度销量'!C:C)} | B53: 运营三部 | C53: 亚马逊 | D53: 亚马逊-北蓉-US | E53: 美国 | F53: Outdoor Rugs | G53: SMZ5001 | H53: B0GYP5BC6G | I53: SMZ5001 SMZ5014 SMZ5003 SMZ5020 SMZ001 | J53: TOP 50 | L53: 陆彤彤 | M53: 目标待定 | N53: 目标销售数量 | P53: #DIV/0! | Q53: 0 | X53: =IFERROR(_xlfn.XLOOKUP(G:G,'[1]Sheet1'!$F:$F,'[1]Sheet1'!$AJ:$AJ),0) | Y53: 44 | Z53: 595 | AA53: 206
A54: {=_xlfn.XLOOKUP(H54,'历史月度销量'!C:C,'历史月度销量'!C:C)} | B54: 运营三部 | C54: 亚马逊 | D54: 亚马逊-北蓉-US | E54: 美国 | F54: Outdoor Rugs | G54: SMZ8686 | H54: 新品未上架 | I54: SMZ8686 | J54: TOP 50 | L54: 陆彤彤 | M54: 目标待定 | N54: 目标销售数量 | P54: #DIV/0! | Q54: 0 | X54: =IFERROR(_xlfn.XLOOKUP(G:G,'[1]Sheet1'!$F:$F,'[1]Sheet1'!$AJ:$AJ),0) | Y54: 44 | Z54: 392 | AA54: 0
A55: {=_xlfn.XLOOKUP(H55,'历史月度销量'!C:C,'历史月度销量'!C:C)} | B55: 运营三部 | C55: 亚马逊 | D55: 亚马逊-北蓉-US | E55: 美国 | F55: Outdoor Rugs | G55: SMZ8303 | H55: B0GYPFW6XX | I55: SMZ8303 SMZ9509 SMZ9510 | J55: TOP 50 | L55: 陆彤彤 | M55: 目标待定 | N55: 目标销售数量 | P55: #DIV/0! | Q55: 0 | X55: =IFERROR(_xlfn.XLOOKUP(G:G,'[1]Sheet1'!$F:$F,'[1]Sheet1'!$AJ:$AJ),0) | Y55: 44 | Z55: 470 | AA55: 137
A56: {=_xlfn.XLOOKUP(H56,'历史月度销量'!C:C,'历史月度销量'!C:C)} | B56: 运营三部 | C56: 亚马逊 | D56: 亚马逊-北蓉-US | E56: 美国 | F56: Outdoor Rugs | G56: SMZ2029 | H56: B0GYP5BC6G | I56: SMZ2029 | J56: TOP 50 | L56: 陆彤彤 | M56: 目标待定 | N56: 目标销售数量 | P56: #DIV/0! | Q56: 0 | X56: =IFERROR(_xlfn.XLOOKUP(G:G,'[1]Sheet1'!$F:$F,'[1]Sheet1'!$AJ:$AJ),0) | Z56: 145 | AA56: 1010 | AB56: 366
A57: {=_xlfn.XLOOKUP(H57,'历史月度销量'!C:C,'历史月度销量'!C:C)} | B57: 运营三部 | C57: 亚马逊 | D57: 亚马逊-冬豚-US | E57: 美国 | F57: Kitchen rugs | G57: KR8686 | H57: B0H3TRLP3N | I57: KR8686 | L57: 郝婷婷 | N57: 目标销售数量 | Q57: 972 | X57: =IFERROR(_xlfn.XLOOKUP(G:G,'[1]Sheet1'!$F:$F,'[1]Sheet1'!$AJ:$AJ),0) | Z57: 412 | AA57: 560

Sheet 25年实际销量
B1: 序号 | C1: 小组 | D1: 平台 | E1: 店铺 | F1: 品类 | G1: 链接 | H1: 父ASIN | I1: 负责人 | J1: 项目 | K1: 11月 | L1: 12月 | M1: 1月 | N1: 2月 | O1: 3月 | P1: 4月 | Q1: 5月 | R1: 6月 | S1: 7月 | T1: 8月 | U1: 9月 | V1: 10月 | W1: 11月 | X1: 12月 | Y1: 合计 | Z1: 备注
A2: {=_xlfn.XLOOKUP(H2,'历史月度销量'!C:C,'历史月度销量'!C:C)} | B2: 1 | C2: 运营三部 | D2: AMZ | E2: 北蓉-US | F2: 地垫 | G2: PD03 | H2: B0B2PCVNYJ | I2: 郝婷婷 | J2: 实际销量 | K2: 4193 | M2: 4340 | N2: 5492 | O2: 13300 | P2: 15267 | Q2: 19311 | R2: 17597 | S2: 14015 | T2: 10941 | U2: 7093 | V2: 5630 | W2: 3847 | X2: 2872
A3: {=_xlfn.XLOOKUP(H3,'历史月度销量'!C:C,'历史月度销量'!C:C)} | B3: 2 | C3: 运营三部 | D3: AMZ | E3: 北蓉-US | F3: 地垫 | G3: PD17 | H3: B0CCJ2MH3N | I3: 卢意龙 | J3: 实际销量 | K3: 4193 | M3: 1999 | N3: 3334 | O3: 6541 | P3: 9909 | Q3: 20291 | R3: 20300 | S3: 12332 | T3: 8562 | U3: 4915 | V3: 3205 | W3: 2530 | X3: 1573
A4: {=_xlfn.XLOOKUP(H4,'历史月度销量'!C:C,'历史月度销量'!C:C)} | B4: 3 | C4: 运营三部 | D4: AMZ | E4: 冬豚-US | F4: 地垫 | G4: PD05 | H4: B0BSKX7ZHN | I4: 吴海涛 | J4: 实际销量 | K4: 4193 | M4: 1072 | N4: 2483 | O4: 4621 | P4: 5915 | Q4: 9173 | R4: 9649 | S4: 7495 | T4: 4597 | U4: 3451 | V4: 2066 | W4: 1446 | X4: 938 | Y4: 52906
A5: {=_xlfn.XLOOKUP(H5,'历史月度销量'!C:C,'历史月度销量'!C:C)} | B5: 4 | C5: 运营三部 | D5: AMZ | E5: 冬豚-US | F5: 地垫 | G5: PD25 | H5: B0CSKDP26Z | I5: 汪建峰 | J5: 实际销量 | K5: 4193 | M5: 669 | N5: 856 | O5: 2655 | P5: 3794 | Q5: 7968 | R5: 7921 | S5: 5697 | T5: 2740 | U5: 968 | V5: 1291 | W5: 1402 | X5: 826 | Y5: 36787
A6: {=_xlfn.XLOOKUP(H6,'历史月度销量'!C:C,'历史月度销量'!C:C)} | B6: 6 | C6: 运营三部 | D6: AMZ | E6: 凯燕归-US | F6: 地垫 | G6: XD17 | H6: B0DBLYWHF4 | I6: 周钦宇 | J6: 实际销量 | K6: 4193 | M6: 459 | N6: 674 | O6: 2408 | P6: 2443 | Q6: 3463 | R6: 3399 | S6: 2329 | T6: 1364 | U6: 705 | V6: 418 | W6: 357 | X6: 163
A7: {=_xlfn.XLOOKUP(H7,'历史月度销量'!C:C,'历史月度销量'!C:C)} | B7: 7 | C7: 运营三部 | D7: AMZ | E7: 北蓉-US | F7: 地垫 | G7: PD33 | H7: B0D17P9F9S | I7: 周钦宇 | J7: 实际销量 | K7: 4193 | N7: 107 | O7: 1100 | P7: 1084 | Q7: 1466 | R7: 1515 | S7: 1854 | T7: 620
B8: 8 | C8: 运营三部 | D8: AMZ | E8: 北蓉-US | F8: 地垫 | G8: PD56&58&59 | H8: B0B2PCVNYJ | I8: 郝婷婷 | J8: 实际销量 | K8: 4193 | N8: 101 | O8: 844 | P8: 695 | Q8: 1036 | R8: 1632 | S8: 754 | T8: 102 | U8: 46 | V8: 19 | W8: 11 | X8: 6
A9: {=_xlfn.XLOOKUP(H9,'历史月度销量'!C:C,'历史月度销量'!C:C)} | B9: 10 | C9: 运营三部 | D9: AMZ | E9: 北蓉-US | F9: 地垫 | G9: PD47&52 | H9: B0D4PHQJYJ | I9: 吴海涛 | J9: 实际销量 | K9: 4193 | N9: 270 | O9: 910 | P9: 865 | Q9: 1528 | R9: 1465 | S9: 963 | T9: 279 | Y9: 6280
A10: B0FWJY4CCQ | B10: 11 | C10: 运营三部 | D10: AMZ | E10: 北蓉-US | F10: 地垫 | G10: PD39 | H10: B0DHV6X5DJ | I10: 郝婷婷 | J10: 实际销量 | K10: 4193 | N10: 180 | O10: 817 | P10: 740 | Q10: 1162 | R10: 1152 | S10: 943 | T10: 301 | U10: 43 | V10: 4 | W10: 1
A11: {=_xlfn.XLOOKUP(H11,'历史月度销量'!C:C,'历史月度销量'!C:C)} | B11: 13 | C11: 运营三部 | D11: AMZ | E11: 北蓉-US | F11: 地垫 | G11: PD42&53（清仓） | H11: B0DHVPWBT9 | I11: 郝婷婷 | J11: 实际销量 | K11: 4193 | N11: 136 | O11: 595 | P11: 595 | Q11: 1258 | R11: 966 | S11: 1295 | T11: 548 | U11: 74 | V11: 9 | W11: 3 | X11: 1
B12: 14 | C12: 运营三部 | D12: AMZ | E12: 北蓉-US | F12: 地垫 | G12: PD55 | H12: B0B2PCVNYJ | I12: 郝婷婷 | J12: 实际销量 | K12: 4193 | O12: 124 | P12: 619 | Q12: 1034 | R12: 920 | S12: 1112 | T12: 463 | U12: 107 | V12: 24 | W12: 9 | X12: 1
B13: 15 | C13: 运营三部 | D13: AMZ | E13: 北蓉-US | F13: 地垫 | G13: PD63 | H13: B0B2PCVNYJ | I13: 周钦宇 | J13: 实际销量 | R13: 293 | S13: 451 | T13: 400 | U13: 353 | V13: 462 | W13: 214 | X13: 36
A14: {=_xlfn.XLOOKUP(H14,'历史月度销量'!C:C,'历史月度销量'!C:C)} | B14: 15 | C14: 运营三部 | D14: AMZ | E14: 北蓉-CA | F14: 地垫 | G14: CPD03 | H14: B0CT5G5TVT | I14: 郝婷婷 | J14: 实际销量 | M14: 112 | N14: 110 | O14: 554 | P14: 1314 | Q14: 3286 | R14: 2321 | S14: 1871 | T14: 949 | U14: 499 | V14: 296 | W14: 318 | X14: 282
A15: {=_xlfn.XLOOKUP(H15,'历史月度销量'!C:C,'历史月度销量'!C:C)} | B15: 16 | C15: 运营三部 | D15: AMZ | E15: 北蓉-CA | F15: 地垫 | G15: CPD17 | H15: B0D3J2Q1JM | I15: 卢意龙 | J15: 实际销量 | K15: 4193 | M15: 127 | N15: 125 | O15: 595 | P15: 1608 | Q15: 2118 | R15: 1380 | S15: 1570 | T15: 770 | U15: 255 | V15: 143 | W15: 92 | X15: 40
A16: {=_xlfn.XLOOKUP(H16,'历史月度销量'!C:C,'历史月度销量'!C:C)} | B16: 17 | C16: 运营三部 | D16: AMZ | E16: 冬豚-CA | F16: 地垫 | G16: CPD05 | H16: B0D3TS4TYR | I16: 吴海涛 | J16: 实际销量 | K16: 4193 | M16: 56 | N16: 36 | O16: 148 | P16: 557 | Q16: 1270 | R16: 1452 | S16: 829 | T16: 346 | U16: 133 | V16: 107 | W16: 62 | X16: 53 | Y16: 5049
A17: {=_xlfn.XLOOKUP(H17,'历史月度销量'!C:C,'历史月度销量'!C:C)} | B17: 18 | C17: 运营三部 | D17: AMZ | E17: 冬豚-CA | F17: 地垫 | G17: CPD25 | H17: B0DRFTHNM8 | I17: 汪建峰 | J17: 实际销量 | K17: 4193 | M17: 44 | N17: 34 | O17: 148 | P17: 433 | Q17: 919 | R17: 779 | S17: 454 | T17: 109 | U17: 74 | V17: 51 | W17: 62 | X17: 10
A18: {=_xlfn.XLOOKUP(H18,'历史月度销量'!C:C,'历史月度销量'!C:C)} | B18: 19 | C18: 运营三部 | D18: AMZ | E18: 北蓉-US | F18: 地垫 | G18: SMZ002&003（清仓） | H18: B0DPMCBTB1 | I18: 陆彤彤 | J18: 实际销量 | K18: 4193 | N18: 35 | O18: 223 | P18: 134 | Q18: 181 | R18: 161 | S18: 125 | T18: 167
A19: {=_xlfn.XLOOKUP(H19,'历史月度销量'!C:C,'历史月度销量'!C:C)} | B19: 20 | C19: 运营三部 | D19: AMZ | E19: 北蓉-US | F19: 地垫 | G19: SMZ001&005&004（清仓） | H19: B0DPLXL7K7 | I19: 陆彤彤 | J19: 实际销量 | K19: 4193 | N19: 38 | O19: 343 | P19: 268 | Q19: 114 | R19: 100
A20: {=_xlfn.XLOOKUP(H20,'历史月度销量'!C:C,'历史月度销量'!C:C)} | B20: 21 | C20: 运营三部 | D20: AMZ | E20: 北蓉-US | F20: 地垫 | G20: SMZ015&016&006&008 | H20: B0DPN31J9X | I20: 汪建峰 | J20: 实际销量 | K20: 4193 | N20: 137 | O20: 701 | P20: 155
A21: {=_xlfn.XLOOKUP(H21,'历史月度销量'!C:C,'历史月度销量'!C:C)} | B21: 21 | C21: 运营三部 | D21: AMZ | E21: 北蓉-US | F21: 地垫 | G21: SMZ009&012&007 | H21: B0DPPHZX2K | I21: 汪建峰 | J21: 实际销量 | K21: 4193 | N21: 55 | O21: 822 | P21: 131
A22: {=_xlfn.XLOOKUP(H22,'历史月度销量'!C:C,'历史月度销量'!C:C)} | B22: 21 | C22: 运营三部 | D22: AMZ | E22: 北蓉-US | F22: 地垫 | G22: SMZ017&018（清仓） | H22: B0DPN45NRZ | I22: 汪建峰 | J22: 实际销量 | K22: 4193 | N22: 34 | O22: 190 | P22: 153 | Q22: 121 | R22: 103 | S22: 78 | T22: 93
A23: {=_xlfn.XLOOKUP(H23,'历史月度销量'!C:C,'历史月度销量'!C:C)} | B23: 22 | C23: 运营三部 | D23: AMZ | E23: 北蓉-US | F23: 地垫 | G23: SMZ001&SMZ1005 | H23: B0DPLXL7K7 | I23: 陆彤彤 | J23: 实际销量 | K23: 4193 | T23: 116 | U23: 545 | V23: 146
A24: {=_xlfn.XLOOKUP(H24,'历史月度销量'!C:C,'历史月度销量'!C:C)} | B24: 23 | C24: 运营三部 | D24: AMZ | E24: 北蓉-US | F24: 地垫 | G24: SMZ009&0007 | H24: B0DPPHZX2K | I24: 陆彤彤 | J24: 实际销量 | K24: 4193 | T24: 168 | U24: 288 | V24: 260 | W24: 168 | X24: 77
A25: B0DBPK9CTR | G25: XD03 | M25: 324 | N25: 411 | O25: 1350 | P25: 1909 | Q25: 2589 | R25: 2636 | S25: 2087 | T25: 1867 | U25: 1361 | V25: 688 | W25: 321 | X25: 102

Sheet BSR底表-美国
F1: 24年增幅 | G1: 25年增幅 | H1: 26年增幅 | L1: 组别 | M1: 23年H1 | N1: 24年H1 | O1: 25年H1 | P1: 26年H1 | Q1: 排名（销量） | R1: 组别 | S1: 202206 | T1: 202207 | U1: 202208 | V1: 202209 | W1: 202210 | X1: 202211 | Y1: 202212 | Z1: 202301 | AA1: 202302 | AB1: 202303 | AC1: 202304 | AD1: 202305 | AE1: 202306 | AF1: 202307 | AG1: 202308 | AH1: 202309 | AI1: 202310 | AJ1: 202311 | AK1: 202312 | AL1: 202401 | AM1: 202402 | AN1: 202403 | AO1: 202404 | AP1: 202405 | AQ1: 202406 | AR1: 202407 | AS1: 202408 | AT1: 202409 | AU1: 202410 | AV1: 202411 | AW1: 202412 | AX1: 202501 | AY1: 202502 | AZ1: 202503 | BA1: 202504 | BB1: 202505 | BC1: 202506 | BD1: 202507 | BE1: 202508 | BF1: 202509 | BG1: 202510 | BH1: 202511 | BI1: 202512 | BJ1: 202601 | BK1: 202602 | BL1: 202603 | BM1: 202604 | BN1: 202605 | BO1: 202606 | BP1: 202607
F2: =(C2-B2)/B2 | G2: =(D2-C2)/C2 | H2: =(E2-D2)/D2 | L2: 1 | M2: =SUM(Z2:AE2) | N2: =SUM(AL2:AQ2) | O2: =SUM(AX2:BC2) | P2: =SUM(BJ2:BN2)+BP2 | Q2: 1 | R2: 1-10 | S2: 10329 | T2: 13063 | U2: 9606 | V2: 7304 | W2: 3591 | X2: 6535 | Y2: 7124 | Z2: 6690 | AA2: 7038 | AB2: 5835 | AC2: 9660 | AD2: 14225 | AE2: 16085 | AF2: 14839 | AG2: 13704 | AH2: 10853 | AI2: 9774 | AJ2: 12051 | AK2: 11144 | AL2: 11440 | AM2: 13010 | AN2: 14028 | AO2: 11367 | AP2: 16711 | AQ2: 16710 | AR2: 19819 | AS2: 21729 | AT2: 16530 | AU2: 14683 | AV2: 16180 | AW2: 11201 | AX2: 9495 | AY2: 9689 | AZ2: 11718 | BA2: 13987 | BB2: 18153 | BC2: 23183 | BD2: 17933 | BE2: 14686 | BF2: 9515 | BG2: 6831 | BH2: 8648 | BI2: 3987 | BJ2: 4109 | BK2: 5255 | BL2: 11564 | BM2: 14501 | BN2: 17343 | BO2: 22050 | BP2: 14350 | BQ2: 420405
F3: =(C3-B3)/B3 | G3: =(D3-C3)/C3 | H3: =(E3-D3)/D3 | L3: 2-5 | M3: =SUM(Z3:AE3) | N3: =SUM(AL3:AQ3) | O3: =SUM(AX3:BC3) | P3: =SUM(BJ3:BN3)+BP3 | Q3: 2 | R3: 1-10 | S3: 5789 | T3: 9626 | U3: 6604 | V3: 3381 | W3: 3355 | X3: 5479 | Y3: 5606 | Z3: 2330 | AA3: 3570 | AB3: 4172 | AC3: 5962 | AD3: 10047 | AE3: 10819 | AF3: 13540 | AG3: 7639 | AH3: 8865 | AI3: 5792 | AJ3: 8458 | AK3: 3611 | AL3: 2590 | AM3: 3206 | AN3: 6334 | AO3: 9624 | AP3: 15449 | AQ3: 16560 | AR3: 12106 | AS3: 9146 | AT3: 10007 | AU3: 7778 | AV3: 8151 | AW3: 3321 | AX3: 3915 | AY3: 3250 | AZ3: 6229 | BA3: 10451 | BB3: 15894 | BC3: 18541 | BD3: 14299 | BE3: 10999 | BF3: 9486 | BG3: 6465 | BH3: 8584 | BI3: 3679 | BJ3: 3479 | BK3: 4137 | BL3: 10605 | BM3: 13977 | BN3: 15672 | BO3: 19634 | BP3: 12043 | BQ3: 295611
F4: =(C4-B4)/B4 | G4: =(D4-C4)/C4 | H4: =(E4-D4)/D4 | L4: 2-5 | M4: =SUM(Z4:AE4) | N4: =SUM(AL4:AQ4) | O4: =SUM(AX4:BC4) | P4: =SUM(BJ4:BN4)+BP4 | Q4: 3 | R4: 1-10 | S4: 5473 | T4: 9105 | U4: 4019 | V4: 2021 | W4: 2728 | X4: 2104 | Y4: 2206 | Z4: 1798 | AA4: 2755 | AB4: 3959 | AC4: 5900 | AD4: 9929 | AE4: 9232 | AF4: 12459 | AG4: 7406 | AH4: 6356 | AI4: 4631 | AJ4: 8405 | AK4: 2882 | AL4: 2273 | AM4: 3082 | AN4: 6330 | AO4: 5814 | AP4: 14067 | AQ4: 14908 | AR4: 10953 | AS4: 7037 | AT4: 7674 | AU4: 5820 | AV4: 7464 | AW4: 3224 | AX4: 2832 | AY4: 2835 | AZ4: 5541 | BA4: 9592 | BB4: 13977 | BC4: 12938 | BD4: 11445 | BE4: 9116 | BF4: 8731 | BG4: 6309 | BH4: 4991 | BI4: 3368 | BJ4: 3034 | BK4: 3933 | BL4: 7895 | BM4: 11415 | BN4: 14886 | BO4: 18306 | BP4: 9614 | BQ4: 249404
F5: =(C5-B5)/B5 | G5: =(D5-C5)/C5 | H5: =(E5-D5)/D5 | L5: 2-5 | M5: =SUM(Z5:AE5) | N5: =SUM(AL5:AQ5) | O5: =SUM(AX5:BC5) | P5: =SUM(BJ5:BN5)+BP5 | Q5: 4 | R5: 1-10 | S5: 4407 | T5: 5611 | U5: 3069 | V5: 1951 | W5: 1513 | X5: 1471 | Y5: 1655 | Z5: 1448 | AA5: 2460 | AB5: 3859 | AC5: 5873 | AD5: 7565 | AE5: 8397 | AF5: 10524 | AG5: 7302 | AH5: 5336 | AI5: 3911 | AJ5: 5390 | AK5: 2191 | AL5: 1869 | AM5: 3068 | AN5: 6211 | AO5: 5624 | AP5: 10199 | AQ5: 11460 | AR5: 10055 | AS5: 6449 | AT5: 5663 | AU5: 5501 | AV5: 5046 | AW5: 3208 | AX5: 2204 | AY5: 2542 | AZ5: 4878 | BA5: 8312 | BB5: 9135 | BC5: 8662 | BD5: 8305 | BE5: 8750 | BF5: 6931 | BG5: 5569 | BH5: 4670 | BI5: 3122 | BJ5: 1993 | BK5: 3325 | BL5: 4960 | BM5: 7448 | BN5: 10355 | BO5: 10681 | BP5: 9072 | BQ5: 195267
F6: =(C6-B6)/B6 | G6: =(D6-C6)/C6 | H6: =(E6-D6)/D6 | L6: 2-5 | M6: =SUM(Z6:AE6) | N6: =SUM(AL6:AQ6) | O6: =SUM(AX6:BC6) | P6: =SUM(BJ6:BN6)+BP6 | Q6: 5 | R6: 1-10 | S6: 2670 | T6: 4265 | U6: 2734 | V6: 1869 | W6: 1495 | X6: 1452 | Y6: 1443 | Z6: 1232 | AA6: 1970 | AB6: 3484 | AC6: 5470 | AD6: 7505 | AE6: 6225 | AF6: 8405 | AG6: 6474 | AH6: 5278 | AI6: 3819 | AJ6: 4207 | AK6: 2131 | AL6: 1842 | AM6: 2861 | AN6: 5294 | AO6: 5602 | AP6: 9024 | AQ6: 9483 | AR6: 9969 | AS6: 5696 | AT6: 5660 | AU6: 5048 | AV6: 4847 | AW6: 3175 | AX6: 1870 | AY6: 2295 | AZ6: 4427 | BA6: 5369 | BB6: 8503 | BC6: 8436 | BD6: 8299 | BE6: 5924 | BF6: 6427 | BG6: 3749 | BH6: 4641 | BI6: 3064 | BJ6: 1905 | BK6: 2618 | BL6: 4933 | BM6: 7102 | BN6: 6789 | BO6: 9499 | BP6: 8470 | BQ6: 172821
F7: =(C7-B7)/B7 | G7: =(D7-C7)/C7 | H7: =(E7-D7)/D7 | L7: 6-10 | M7: =SUM(Z7:AE7) | N7: =SUM(AL7:AQ7) | O7: =SUM(AX7:BC7) | P7: =SUM(BJ7:BN7)+BP7 | Q7: 6 | R7: 1-10 | S7: 2496 | T7: 3442 | U7: 2432 | V7: 1823 | W7: 1470 | X7: 1136 | Y7: 1080 | Z7: 1130 | AA7: 1969 | AB7: 2976 | AC7: 5422 | AD7: 5411 | AE7: 5844 | AF7: 7728 | AG7: 5841 | AH7: 4615 | AI7: 3713 | AJ7: 3694 | AK7: 2124 | AL7: 1788 | AM7: 2854 | AN7: 5241 | AO7: 5233 | AP7: 8723 | AQ7: 8306 | AR7: 6661 | AS7: 4530 | AT7: 5242 | AU7: 4530 | AV7: 4052 | AW7: 2359 | AX7: 1715 | AY7: 2136 | AZ7: 4195 | BA7: 5277 | BB7: 7587 | BC7: 7511 | BD7: 7142 | BE7: 4593 | BF7: 5629 | BG7: 3520 | BH7: 4587 | BI7: 1990 | BJ7: 1753 | BK7: 2200 | BL7: 4123 | BM7: 6012 | BN7: 6356 | BO7: 8968 | BP7: 5373 | BQ7: 150186
F8: =(C8-B8)/B8 | G8: =(D8-C8)/C8 | H8: =(E8-D8)/D8 | L8: 6-10 | M8: =SUM(Z8:AE8) | N8: =SUM(AL8:AQ8) | O8: =SUM(AX8:BC8) | P8: =SUM(BJ8:BN8)+BP8 | Q8: 7 | R8: 1-10 | S8: 2391 | T8: 3441 | U8: 2201 | V8: 1736 | W8: 1248 | X8: 1033 | Y8: 1068 | Z8: 1044 | AA8: 1933 | AB8: 2868 | AC8: 4165 | AD8: 5152 | AE8: 5822 | AF8: 6934 | AG8: 4580 | AH8: 4373 | AI8: 3234 | AJ8: 3329 | AK8: 1671 | AL8: 1692 | AM8: 2836 | AN8: 4860 | AO8: 4897 | AP8: 7886 | AQ8: 8183 | AR8: 6173 | AS8: 4197 | AT8: 4685 | AU8: 4318 | AV8: 3893 | AW8: 2255 | AX8: 1542 | AY8: 1703 | AZ8: 4019 | BA8: 5190 | BB8: 7006 | BC8: 6944 | BD8: 6411 | BE8: 4508 | BF8: 3399 | BG8: 3104 | BH8: 2793 | BI8: 1680 | BJ8: 1738 | BK8: 2174 | BL8: 4068 | BM8: 5601 | BN8: 5828 | BO8: 8683 | BP8: 4833 | BQ8: 137099
I9: =SUM(F2:H8) | L9: 6-10 | M9: =SUM(Z9:AE9) | N9: =SUM(AL9:AQ9) | O9: =SUM(AX9:BC9) | P9: =SUM(BJ9:BN9)+BP9 | Q9: 8 | R9: 1-10 | S9: 2318 | T9: 2928 | U9: 2155 | V9: 1558 | W9: 1196 | X9: 875 | Y9: 966 | Z9: 1033 | AA9: 1707 | AB9: 2753 | AC9: 4162 | AD9: 5106 | AE9: 5479 | AF9: 6843 | AG9: 4458 | AH9: 3817 | AI9: 3170 | AJ9: 2320 | AK9: 1367 | AL9: 1534 | AM9: 2757 | AN9: 4781 | AO9: 4826 | AP9: 6895 | AQ9: 7605 | AR9: 5866 | AS9: 3629 | AT9: 3718 | AU9: 2922 | AV9: 3882 | AW9: 2145 | AX9: 1416 | AY9: 1694 | AZ9: 3689 | BA9: 5143 | BB9: 6186 | BC9: 6584 | BD9: 6161 | BE9: 4280 | BF9: 2847 | BG9: 3080 | BH9: 2781 | BI9: 1521 | BJ9: 1723 | BK9: 1819 | BL9: 3932 | BM9: 5214 | BN9: 5731 | BO9: 7374 | BP9: 4521 | BQ9: 126256
L10: 6-10 | M10: =SUM(Z10:AE10) | N10: =SUM(AL10:AQ10) | O10: =SUM(AX10:BC10) | P10: =SUM(BJ10:BN10)+BP10 | Q10: 9 | R10: 1-10 | S10: 2318 | T10: 2709 | U10: 2013 | V10: 1479 | W10: 1078 | X10: 828 | Y10: 924 | Z10: 1010 | AA10: 1285 | AB10: 2218 | AC10: 4141 | AD10: 4557 | AE10: 5119 | AF10: 6053 | AG10: 4195 | AH10: 3566 | AI10: 3107 | AJ10: 2286 | AK10: 1311 | AL10: 1417 | AM10: 2339 | AN10: 4500 | AO10: 4430 | AP10: 6648 | AQ10: 7160 | AR10: 4842 | AS10: 3490 | AT10: 3208 | AU10: 2760 | AV10: 3496 | AW10: 1754 | AX10: 1386 | AY10: 1650 | AZ10: 3211 | BA10: 4851 | BB10: 5239 | BC10: 5656 | BD10: 6075 | BE10: 3832 | BF10: 2471 | BG10: 2395 | BH10: 2164 | BI10: 1408 | BJ10: 1718 | BK10: 1582 | BL10: 3858 | BM10: 4553 | BN10: 5449 | BO10: 7010 | BP10: 4448 | BQ10: 115000
L11: 6-10 | M11: =SUM(Z11:AE11) | N11: =SUM(AL11:AQ11) | O11: =SUM(AX11:BC11) | P11: =SUM(BJ11:BN11)+BP11 | Q11: 10 | R11: 1-10 | S11: 2297 | T11: 2709 | U11: 1827 | V11: 1405 | W11: 1023 | X11: 813 | Y11: 921 | Z11: 907 | AA11: 1215 | AB11: 1911 | AC11: 4049 | AD11: 4452 | AE11: 4935 | AF11: 5848 | AG11: 4169 | AH11: 3045 | AI11: 1749 | AJ11: 2130 | AK11: 1286 | AL11: 1239 | AM11: 2225 | AN11: 3732 | AO11: 4214 | AP11: 6382 | AQ11: 6856 | AR11: 4491 | AS11: 3282 | AT11: 3155 | AU11: 2277 | AV11: 3316 | AW11: 1707 | AX11: 1371 | AY11: 1570 | AZ11: 3116 | BA11: 4552 | BB11: 5186 | BC11: 5632 | BD11: 5836 | BE11: 3599 | BF11: 2437 | BG11: 2271 | BH11: 2008 | BI11: 1377 | BJ11: 1118 | BK11: 1377 | BL11: 3677 | BM11: 4544 | BN11: 5285 | BO11: 6532 | BP11: 4264 | BQ11: 108628
L12: 11-15 | M12: =SUM(Z12:AE12) | N12: =SUM(AL12:AQ12) | O12: =SUM(AX12:BC12) | P12: =SUM(BJ12:BN12)+BP12 | Q12: 11 | R12: 11-20 | S12: 2242 | T12: 2707 | U12: 1784 | V12: 1270 | W12: 1017 | X12: 769 | Y12: 918 | Z12: 839 | AA12: 1153 | AB12: 1907 | AC12: 3391 | AD12: 4404 | AE12: 4232 | AF12: 5728 | AG12: 2715 | AH12: 2626 | AI12: 1658 | AJ12: 1996 | AK12: 1137 | AL12: 1073 | AM12: 1841 | AN12: 3691 | AO12: 4035 | AP12: 5332 | AQ12: 5966 | AR12: 4226 | AS12: 3256 | AT12: 2631 | AU12: 2197 | AV12: 3127 | AW12: 1314 | AX12: 1264 | AY12: 1507 | AZ12: 2751 | BA12: 4284 | BB12: 5070 | BC12: 5631 | BD12: 5250 | BE12: 2920 | BF12: 2281 | BG12: 2264 | BH12: 1726 | BI12: 1354 | BJ12: 1028 | BK12: 1373 | BL12: 3266 | BM12: 4355 | BN12: 5083 | BO12: 5605 | BP12: 3901 | BQ12: 99602
L13: 11-15 | M13: =SUM(Z13:AE13) | N13: =SUM(AL13:AQ13) | O13: =SUM(AX13:BC13) | P13: =SUM(BJ13:BN13)+BP13 | Q13: 12 | R13: 11-20 | S13: 2145 | T13: 2557 | U13: 1761 | V13: 1265 | W13: 963 | X13: 750 | Y13: 796 | Z13: 688 | AA13: 1038 | AB13: 1810 | AC13: 3357 | AD13: 4335 | AE13: 3401 | AF13: 5444 | AG13: 2631 | AH13: 2510 | AI13: 1595 | AJ13: 1935 | AK13: 1109 | AL13: 1031 | AM13: 1787 | AN13: 3476 | AO13: 3528 | AP13: 4839 | AQ13: 5187 | AR13: 3982 | AS13: 3187 | AT13: 2624 | AU13: 2170 | AV13: 2393 | AW13: 1242 | AX13: 1247 | AY13: 1307 | AZ13: 2514 | BA13: 4274 | BB13: 4889 | BC13: 4573 | BD13: 4597 | BE13: 2868 | BF13: 2157 | BG13: 2253 | BH13: 1611 | BI13: 1244 | BJ13: 962 | BK13: 1264 | BL13: 3225 | BM13: 3910 | BN13: 4774 | BO13: 5593 | BP13: 3891 | BQ13: 92599
L14: 11-15 | M14: =SUM(Z14:AE14) | N14: =SUM(AL14:AQ14) | O14: =SUM(AX14:BC14) | P14: =SUM(BJ14:BN14)+BP14 | Q14: 13 | R14: 11-20 | S14: 2102 | T14: 2411 | U14: 1731 | V14: 1240 | W14: 922 | X14: 748 | Y14: 745 | Z14: 688 | AA14: 1034 | AB14: 1710 | AC14: 3297 | AD14: 4226 | AE14: 3350 | AF14: 4528 | AG14: 2312 | AH14: 2010 | AI14: 1514 | AJ14: 1854 | AK14: 925 | AL14: 1006 | AM14: 1725 | AN14: 3397 | AO14: 3343 | AP14: 4626 | AQ14: 4995 | AR14: 3909 | AS14: 2353 | AT14: 2338 | AU14: 2163 | AV14: 2219 | AW14: 1192 | AX14: 1180 | AY14: 1232 | AZ14: 2317 | BA14: 3343 | BB14: 4826 | BC14: 4518 | BD14: 4568 | BE14: 2866 | BF14: 2137 | BG14: 2172 | BH14: 1561 | BI14: 1089 | BJ14: 918 | BK14: 1157 | BL14: 3070 | BM14: 3834 | BN14: 4364 | BO14: 4870 | BP14: 3614 | BQ14: 86902
L15: 11-15 | M15: =SUM(Z15:AE15) | N15: =SUM(AL15:AQ15) | O15: =SUM(AX15:BC15) | P15: =SUM(BJ15:BN15)+BP15 | Q15: 14 | R15: 11-20 | S15: 1911 | T15: 2264 | U15: 1666 | V15: 1027 | W15: 872 | X15: 738 | Y15: 743 | Z15: 684 | AA15: 1013 | AB15: 1667 | AC15: 3288 | AD15: 4167 | AE15: 3239 | AF15: 4514 | AG15: 2191 | AH15: 1694 | AI15: 1465 | AJ15: 1834 | AK15: 924 | AL15: 843 | AM15: 1700 | AN15: 3165 | AO15: 3301 | AP15: 4449 | AQ15: 4284 | AR15: 3485 | AS15: 2353 | AT15: 1862 | AU15: 1845 | AV15: 1845 | AW15: 1164 | AX15: 1126 | AY15: 1184 | AZ15: 2254 | BA15: 3308 | BB15: 4203 | BC15: 4476 | BD15: 4556 | BE15: 2793 | BF15: 2111 | BG15: 1940 | BH15: 1512 | BI15: 1085 | BJ15: 906 | BK15: 1130 | BL15: 2925 | BM15: 3696 | BN15: 4153 | BO15: 4845 | BP15: 3448 | BQ15: 81947
L16: 11-15 | M16: =SUM(Z16:AE16) | N16: =SUM(AL16:AQ16) | O16: =SUM(AX16:BC16) | P16: =SUM(BJ16:BN16)+BP16 | Q16: 15 | R16: 11-20 | S16: 1871 | T16: 2039 | U16: 1550 | V16: 980 | W16: 847 | X16: 737 | Y16: 735 | Z16: 656 | AA16: 1001 | AB16: 1662 | AC16: 3246 | AD16: 4035 | AE16: 2863 | AF16: 3972 | AG16: 2118 | AH16: 1619 | AI16: 1452 | AJ16: 1570 | AK16: 861 | AL16: 818 | AM16: 1270 | AN16: 2586 | AO16: 3235 | AP16: 4302 | AQ16: 4223 | AR16: 3469 | AS16: 2316 | AT16: 1834 | AU16: 1825 | AV16: 1681 | AW16: 1121 | AX16: 1124 | AY16: 1150 | AZ16: 2132 | BA16: 3067 | BB16: 4150 | BC16: 4190 | BD16: 3687 | BE16: 2512 | BF16: 1984 | BG16: 1590 | BH16: 1491 | BI16: 1071 | BJ16: 905 | BK16: 1066 | BL16: 2906 | BM16: 3420 | BN16: 3682 | BO16: 4627 | BP16: 3366 | BQ16: 76800
L17: 16-20 | M17: =SUM(Z17:AE17) | N17: =SUM(AL17:AQ17) | O17: =SUM(AX17:BC17) | P17: =SUM(BJ17:BN17)+BP17 | Q17: 16 | R17: 11-20 | S17: 1796 | T17: 2038 | U17: 1462 | V17: 979 | W17: 742 | X17: 695 | Y17: 735 | Z17: 656 | AA17: 1001 | AB17: 1612 | AC17: 3155 | AD17: 3929 | AE17: 2780 | AF17: 3482 | AG17: 2057 | AH17: 1500 | AI17: 1375 | AJ17: 1441 | AK17: 828 | AL17: 801 | AM17: 1115 | AN17: 2532 | AO17: 3172 | AP17: 3633 | AQ17: 3806 | AR17: 3382 | AS17: 2274 | AT17: 1834 | AU17: 1790 | AV17: 1665 | AW17: 1011 | AX17: 1056 | AY17: 1102 | AZ17: 2119 | BA17: 3065 | BB17: 4067 | BC17: 4115 | BD17: 3513 | BE17: 2405 | BF17: 1899 | BG17: 1512 | BH17: 1432 | BI17: 1001 | BJ17: 876 | BK17: 1054 | BL17: 2862 | BM17: 3389 | BN17: 3491 | BO17: 4494 | BP17: 3356 | BQ17: 73823
L18: 16-20 | M18: =SUM(Z18:AE18) | N18: =SUM(AL18:AQ18) | O18: =SUM(AX18:BC18) | P18: =SUM(BJ18:BN18)+BP18 | Q18: 17 | R18: 11-20 | S18: 1350 | T18: 1985 | U18: 1364 | V18: 952 | W18: 699 | X18: 691 | Y18: 572 | Z18: 638 | AA18: 996 | AB18: 1584 | AC18: 3087 | AD18: 3532 | AE18: 2512 | AF18: 2906 | AG18: 1864 | AH18: 1471 | AI18: 1362 | AJ18: 1378 | AK18: 822 | AL18: 784 | AM18: 1097 | AN18: 2222 | AO18: 3053 | AP18: 3587 | AQ18: 3718 | AR18: 3346 | AS18: 2162 | AT18: 1797 | AU18: 1506 | AV18: 1572 | AW18: 923 | AX18: 1041 | AY18: 1025 | AZ18: 2067 | BA18: 2919 | BB18: 3764 | BC18: 3808 | BD18: 3215 | BE18: 2356 | BF18: 1870 | BG18: 1477 | BH18: 1355 | BI18: 975 | BJ18: 868 | BK18: 1047 | BL18: 2842 | BM18: 3224 | BN18: 3399 | BO18: 4089 | BP18: 3303 | BQ18: 70411
L19: 16-20 | M19: =SUM(Z19:AE19) | N19: =SUM(AL19:AQ19) | O19: =SUM(AX19:BC19) | P19: =SUM(BJ19:BN19)+BP19 | Q19: 18 | R19: 11-20 | S19: 1230 | T19: 1916 | U19: 1306 | V19: 946 | W19: 633 | X19: 652 | Y19: 564 | Z19: 636 | AA19: 980 | AB19: 1575 | AC19: 2946 | AD19: 3516 | AE19: 2466 | AF19: 2858 | AG19: 1854 | AH19: 1438 | AI19: 1345 | AJ19: 1278 | AK19: 795 | AL19: 750 | AM19: 989 | AN19: 2051 | AO19: 2539 | AP19: 3438 | AQ19: 3565 | AR19: 3316 | AS19: 2160 | AT19: 1527 | AU19: 1483 | AV19: 1562 | AW19: 886 | AX19: 868 | AY19: 982 | AZ19: 1979 | BA19: 2820 | BB19: 3408 | BC19: 3732 | BD19: 3109 | BE19: 2202 | BF19: 1680 | BG19: 1374 | BH19: 1290 | BI19: 930 | BJ19: 805 | BK19: 1035 | BL19: 2814 | BM19: 2679 | BN19: 3290 | BO19: 3966 | BP19: 3107 | BQ19: 66336
L20: 16-20 | M20: =SUM(Z20:AE20) | N20: =SUM(AL20:AQ20) | O20: =SUM(AX20:BC20) | P20: =SUM(BJ20:BN20)+BP20 | Q20: 19 | R20: 11-20 | S20: 1223 | T20: 1756 | U20: 1303 | V20: 899 | W20: 626 | X20: 638 | Y20: 532 | Z20: 614 | AA20: 974 | AB20: 1571 | AC20: 2795 | AD20: 3363 | AE20: 2419 | AF20: 2855 | AG20: 1692 | AH20: 1418 | AI20: 1235 | AJ20: 1233 | AK20: 777 | AL20: 715 | AM20: 914 | AN20: 1856 | AO20: 2479 | AP20: 3326 | AQ20: 3482 | AR20: 2883 | AS20: 2059 | AT20: 1523 | AU20: 1454 | AV20: 1477 | AW20: 879 | AX20: 811 | AY20: 893 | AZ20: 1978 | BA20: 2682 | BB20: 3323 | BC20: 3579 | BD20: 3058 | BE20: 2190 | BF20: 1577 | BG20: 1373 | BH20: 1266 | BI20: 912 | BJ20: 800 | BK20: 974 | BL20: 2769 | BM20: 2362 | BN20: 3189 | BO20: 3905 | BP20: 3067 | BQ20: 63755
L21: 16-20 | M21: =SUM(Z21:AE21) | N21: =SUM(AL21:AQ21) | O21: =SUM(AX21:BC21) | P21: =SUM(BJ21:BN21)+BP21 | Q21: 20 | R21: 11-20 | S21: 1105 | T21: 1749 | U21: 1301 | V21: 893 | W21: 623 | X21: 608 | Y21: 522 | Z21: 607 | AA21: 937 | AB21: 1449 | AC21: 2761 | AD21: 3326 | AE21: 2407 | AF21: 2806 | AG21: 1626 | AH21: 1341 | AI21: 1223 | AJ21: 1208 | AK21: 768 | AL21: 711 | AM21: 908 | AN21: 1832 | AO21: 2453 | AP21: 3221 | AQ21: 3468 | AR21: 2771 | AS21: 2022 | AT21: 1521 | AU21: 1437 | AV21: 1304 | AW21: 860 | AX21: 797 | AY21: 876 | AZ21: 1829 | BA21: 2585 | BB21: 3303 | BC21: 3230 | BD21: 2904 | BE21: 2118 | BF21: 1449 | BG21: 1232 | BH21: 1198 | BI21: 807 | BJ21: 786 | BK21: 970 | BL21: 2533 | BM21: 2301 | BN21: 2963 | BO21: 3797 | BP21: 2925 | BQ21: 61111
M22: =SUM(Z22:AE22) | N22: =SUM(AL22:AQ22) | O22: =SUM(AX22:BC22) | P22: =SUM(BJ22:BN22)+BP22 | Q22: 21 | R22: 21 - 30 | S22: 1054 | T22: 1680 | U22: 1214 | V22: 848 | W22: 622 | X22: 608 | Y22: 461 | Z22: 570 | AA22: 814 | AB22: 1362 | AC22: 2722 | AD22: 3313 | AE22: 2363 | AF22: 2712 | AG22: 1615 | AH22: 1313 | AI22: 1146 | AJ22: 1030 | AK22: 718 | AL22: 689 | AM22: 904 | AN22: 1694 | AO22: 2438 | AP22: 3155 | AQ22: 3105 | AR22: 2754 | AS22: 1928 | AT22: 1431 | AU22: 1399 | AV22: 1272 | AW22: 818 | AX22: 731 | AY22: 867 | AZ22: 1795 | BA22: 2441 | BB22: 3283 | BC22: 3144 | BD22: 2899 | BE22: 1955 | BF22: 1449 | BG22: 1215 | BH22: 1157 | BI22: 781 | BJ22: 785 | BK22: 840 | BL22: 2316 | BM22: 2274 | BN22: 2906 | BO22: 3795 | BP22: 2702 | BQ22: 58922
M23: =SUM(Z23:AE23) | N23: =SUM(AL23:AQ23) | O23: =SUM(AX23:BC23) | P23: =SUM(BJ23:BN23)+BP23 | Q23: 22 | R23: 21 - 30 | S23: 981 | T23: 1616 | U23: 1082 | V23: 826 | W23: 604 | X23: 606 | Y23: 461 | Z23: 558 | AA23: 775 | AB23: 1320 | AC23: 2638 | AD23: 3161 | AE23: 2355 | AF23: 2685 | AG23: 1555 | AH23: 1274 | AI23: 1104 | AJ23: 989 | AK23: 705 | AL23: 672 | AM23: 902 | AN23: 1600 | AO23: 2431 | AP23: 3151 | AQ23: 3019 | AR23: 2662 | AS23: 1647 | AT23: 1392 | AU23: 1382 | AV23: 1201 | AW23: 776 | AX23: 700 | AY23: 865 | AZ23: 1736 | BA23: 2391 | BB23: 3225 | BC23: 3112 | BD23: 2894 | BE23: 1870 | BF23: 1386 | BG23: 1206 | BH23: 1080 | BI23: 746 | BJ23: 759 | BK23: 834 | BL23: 2311 | BM23: 2218 | BN23: 2886 | BO23: 3737 | BP23: 2607 | BQ23: 57398
M24: =SUM(Z24:AE24) | N24: =SUM(AL24:AQ24) | O24: =SUM(AX24:BC24) | P24: =SUM(BJ24:BN24)+BP24 | Q24: 23 | R24: 21 - 30 | S24: 934 | T24: 1593 | U24: 1080 | V24: 822 | W24: 591 | X24: 595 | Y24: 456 | Z24: 536 | AA24: 774 | AB24: 1279 | AC24: 2624 | AD24: 2958 | AE24: 2270 | AF24: 2526 | AG24: 1503 | AH24: 1263 | AI24: 1092 | AJ24: 960 | AK24: 702 | AL24: 668 | AM24: 873 | AN24: 1582 | AO24: 2363 | AP24: 3076 | AQ24: 3004 | AR24: 2635 | AS24: 1635 | AT24: 1362 | AU24: 1333 | AV24: 1197 | AW24: 753 | AX24: 684 | AY24: 848 | AZ24: 1718 | BA24: 2390 | BB24: 3198 | BC24: 2815 | BD24: 2874 | BE24: 1808 | BF24: 1346 | BG24: 1192 | BH24: 1051 | BI24: 744 | BJ24: 675 | BK24: 827 | BL24: 2128 | BM24: 2202 | BN24: 2714 | BO24: 3613 | BP24: 2590 | BQ24: 55898
M25: =SUM(Z25:AE25) | N25: =SUM(AL25:AQ25) | O25: =SUM(AX25:BC25) | P25: =SUM(BJ25:BN25)+BP25 | Q25: 24 | R25: 21 - 30 | S25: 920 | T25: 1455 | U25: 1080 | V25: 741 | W25: 579 | X25: 580 | Y25: 456 | Z25: 535 | AA25: 759 | AB25: 1278 | AC25: 2564 | AD25: 2914 | AE25: 2268 | AF25: 2403 | AG25: 1500 | AH25: 1215 | AI25: 1079 | AJ25: 947 | AK25: 698 | AL25: 658 | AM25: 872 | AN25: 1539 | AO25: 2357 | AP25: 3047 | AQ25: 2931 | AR25: 2567 | AS25: 1525 | AT25: 1349 | AU25: 1211 | AV25: 1182 | AW25: 742 | AX25: 684 | AY25: 839 | AZ25: 1645 | BA25: 2386 | BB25: 3181 | BC25: 2777 | BD25: 2829 | BE25: 1789 | BF25: 1313 | BG25: 1174 | BH25: 1044 | BI25: 741 | BJ25: 655 | BK25: 824 | BL25: 2086 | BM25: 2161 | BN25: 2615 | BO25: 3555 | BP25: 2580 | BQ25: 54858
M26: =SUM(Z26:AE26) | N26: =SUM(AL26:AQ26) | O26: =SUM(AX26:BC26) | P26: =SUM(BJ26:BN26)+BP26 | Q26: 25 | R26: 21 - 30 | S26: 917 | T26: 1451 | U26: 1078 | V26: 708 | W26: 575 | X26: 574 | Y26: 431 | Z26: 526 | AA26: 756 | AB26: 1261 | AC26: 2125 | AD26: 2906 | AE26: 2247 | AF26: 2398 | AG26: 1434 | AH26: 1215 | AI26: 1077 | AJ26: 913 | AK26: 694 | AL26: 613 | AM26: 855 | AN26: 1523 | AO26: 2087 | AP26: 3029 | AQ26: 2828 | AR26: 2455 | AS26: 1449 | AT26: 1311 | AU26: 1205 | AV26: 1110 | AW26: 730 | AX26: 665 | AY26: 814 | AZ26: 1621 | BA26: 2339 | BB26: 3159 | BC26: 2763 | BD26: 2735 | BE26: 1694 | BF26: 1293 | BG26: 1174 | BH26: 1028 | BI26: 733 | BJ26: 630 | BK26: 790 | BL26: 2006 | BM26: 2130 | BN26: 2590 | BO26: 3482 | BP26: 2480 | BQ26: 53321
M27: =SUM(Z27:AE27) | N27: =SUM(AL27:AQ27) | O27: =SUM(AX27:BC27) | P27: =SUM(BJ27:BN27)+BP27 | Q27: 26 | R27: 21 - 30 | S27: 911 | T27: 1231 | U27: 1048 | V27: 692 | W27: 571 | X27: 565 | Y27: 421 | Z27: 502 | AA27: 693 | AB27: 1206 | AC27: 2088 | AD27: 2904 | AE27: 2192 | AF27: 2398 | AG27: 1419 | AH27: 1185 | AI27: 1064 | AJ27: 902 | AK27: 668 | AL27: 604 | AM27: 853 | AN27: 1457 | AO27: 2074 | AP27: 2949 | AQ27: 2812 | AR27: 2409 | AS27: 1364 | AT27: 1239 | AU27: 1202 | AV27: 1055 | AW27: 729 | AX27: 638 | AY27: 791 | AZ27: 1588 | BA27: 2338 | BB27: 3153 | BC27: 2717 | BD27: 2684 | BE27: 1624 | BF27: 1263 | BG27: 1142 | BH27: 960 | BI27: 713 | BJ27: 616 | BK27: 756 | BL27: 1805 | BM27: 2020 | BN27: 2567 | BO27: 3274 | BP27: 2334 | BQ27: 51730
M28: =SUM(Z28:AE28) | N28: =SUM(AL28:AQ28) | O28: =SUM(AX28:BC28) | P28: =SUM(BJ28:BN28)+BP28 | Q28: 27 | R28: 21 - 30 | S28: 900 | T28: 1216 | U28: 1033 | V28: 663 | W28: 570 | X28: 561 | Y28: 408 | Z28: 500 | AA28: 680 | AB28: 1139 | AC28: 2071 | AD28: 2685 | AE28: 2039 | AF28: 2398 | AG28: 1387 | AH28: 1138 | AI28: 1038 | AJ28: 896 | AK28: 655 | AL28: 589 | AM28: 835 | AN28: 1373 | AO28: 2061 | AP28: 2739 | AQ28: 2760 | AR28: 2249 | AS28: 1352 | AT28: 1232 | AU28: 1186 | AV28: 1030 | AW28: 722 | AX28: 616 | AY28: 789 | AZ28: 1581 | BA28: 2304 | BB28: 2916 | BC28: 2607 | BD28: 2549 | BE28: 1603 | BF28: 1263 | BG28: 1103 | BH28: 958 | BI28: 709 | BJ28: 607 | BK28: 741 | BL28: 1696 | BM28: 1976 | BN28: 2555 | BO28: 3182 | BP28: 2274 | BQ28: 50157
M29: =SUM(Z29:AE29) | N29: =SUM(AL29:AQ29) | O29: =SUM(AX29:BC29) | P29: =SUM(BJ29:BN29)+BP29 | Q29: 28 | R29: 21 - 30 | S29: 893 | T29: 1169 | U29: 1032 | V29: 659 | W29: 558 | X29: 544 | Y29: 397 | Z29: 497 | AA29: 665 | AB29: 1112 | AC29: 2016 | AD29: 2580 | AE29: 1982 | AF29: 2398 | AG29: 1386 | AH29: 1064 | AI29: 977 | AJ29: 889 | AK29: 649 | AL29: 570 | AM29: 796 | AN29: 1362 | AO29: 1931 | AP29: 2722 | AQ29: 2431 | AR29: 2205 | AS29: 1340 | AT29: 1187 | AU29: 1172 | AV29: 1020 | AW29: 703 | AX29: 585 | AY29: 754 | AZ29: 1469 | BA29: 2270 | BB29: 2879 | BC29: 2593 | BD29: 2404 | BE29: 1529 | BF29: 1239 | BG29: 1060 | BH29: 938 | BI29: 681 | BJ29: 602 | BK29: 679 | BL29: 1662 | BM29: 1960 | BN29: 2522 | BO29: 3169 | BP29: 2209 | BQ29: 48643
M30: =SUM(Z30:AE30) | N30: =SUM(AL30:AQ30) | O30: =SUM(AX30:BC30) | P30: =SUM(BJ30:BN30)+BP30 | Q30: 29 | R30: 31 - 40 | S30: 890 | T30: 1151 | U30: 1002 | V30: 616 | W30: 539 | X30: 500 | Y30: 388 | Z30: 486 | AA30: 649 | AB30: 1077 | AC30: 1980 | AD30: 2578 | AE30: 1876 | AF30: 2394 | AG30: 1385 | AH30: 1060 | AI30: 960 | AJ30: 830 | AK30: 647 | AL30: 560 | AM30: 790 | AN30: 1284 | AO30: 1928 | AP30: 2635 | AQ30: 2246 | AR30: 2178 | AS30: 1261 | AT30: 1173 | AU30: 1151 | AV30: 960 | AW30: 662 | AX30: 582 | AY30: 719 | AZ30: 1451 | BA30: 2256 | BB30: 2870 | BC30: 2591 | BD30: 2325 | BE30: 1528 | BF30: 1234 | BG30: 1052 | BH30: 938 | BI30: 679 | BJ30: 583 | BK30: 663 | BL30: 1569 | BM30: 1890 | BN30: 2495 | BO30: 3068 | BP30: 2181 | BQ30: 47502
M31: =SUM(Z31:AE31) | N31: =SUM(AL31:AQ31) | O31: =SUM(AX31:BC31) | P31: =SUM(BJ31:BN31)+BP31 | Q31: 30 | R31: 31 - 40 | S31: 874 | T31: 1116 | U31: 988 | V31: 567 | W31: 525 | X31: 485 | Y31: 384 | Z31: 478 | AA31: 646 | AB31: 1034 | AC31: 1950 | AD31: 2484 | AE31: 1848 | AF31: 2386 | AG31: 1310 | AH31: 1052 | AI31: 936 | AJ31: 782 | AK31: 631 | AL31: 556 | AM31: 770 | AN31: 1235 | AO31: 1902 | AP31: 2518 | AQ31: 2209 | AR31: 1865 | AS31: 1197 | AT31: 1149 | AU31: 1061 | AV31: 910 | AW31: 660 | AX31: 541 | AY31: 713 | AZ31: 1383 | BA31: 2168 | BB31: 2810 | BC31: 2389 | BD31: 2279 | BE31: 1515 | BF31: 1232 | BG31: 1051 | BH31: 933 | BI31: 666 | BJ31: 582 | BK31: 651 | BL31: 1491 | BM31: 1884 | BN31: 2473 | BO31: 3033 | BP31: 2155 | BQ31: 45981
M32: =SUM(Z32:AE32) | N32: =SUM(AL32:AQ32) | O32: =SUM(AX32:BC32) | P32: =SUM(BJ32:BN32)+BP32 | Q32: 31 | R32: 31 - 40 | S32: 874 | T32: 1037 | U32: 978 | V32: 549 | W32: 519 | X32: 461 | Y32: 380 | Z32: 469 | AA32: 636 | AB32: 998 | AC32: 1871 | AD32: 2468 | AE32: 1741 | AF32: 2384 | AG32: 1295 | AH32: 1049 | AI32: 881 | AJ32: 781 | AK32: 584 | AL32: 531 | AM32: 734 | AN32: 1225 | AO32: 1896 | AP32: 2494 | AQ32: 2179 | AR32: 1829 | AS32: 1189 | AT32: 1142 | AU32: 1022 | AV32: 887 | AW32: 648 | AX32: 538 | AY32: 694 | AZ32: 1364 | BA32: 2041 | BB32: 2761 | BC32: 2376 | BD32: 2162 | BE32: 1511 | BF32: 1217 | BG32: 1043 | BH32: 919 | BI32: 662 | BJ32: 578 | BK32: 622 | BL32: 1395 | BM32: 1838 | BN32: 2463 | BO32: 3006 | BP32: 2133 | BQ32: 45099
M33: =SUM(Z33:AE33) | N33: =SUM(AL33:AQ33) | O33: =SUM(AX33:BC33) | P33: =SUM(BJ33:BN33)+BP33 | Q33: 32 | R33: 31 - 40 | S33: 867 | T33: 1036 | U33: 929 | V33: 500 | W33: 507 | X33: 461 | Y33: 357 | Z33: 456 | AA33: 634 | AB33: 978 | AC33: 1692 | AD33: 2394 | AE33: 1647 | AF33: 2232 | AG33: 1290 | AH33: 1018 | AI33: 878 | AJ33: 708 | AK33: 583 | AL33: 525 | AM33: 706 | AN33: 1180 | AO33: 1663 | AP33: 2490 | AQ33: 2127 | AR33: 1794 | AS33: 1181 | AT33: 1112 | AU33: 1015 | AV33: 871 | AW33: 634 | AX33: 535 | AY33: 665 | AZ33: 1356 | BA33: 1971 | BB33: 2751 | BC33: 2354 | BD33: 2153 | BE33: 1492 | BF33: 1179 | BG33: 1039 | BH33: 916 | BI33: 661 | BJ33: 568 | BK33: 608 | BL33: 1383 | BM33: 1818 | BN33: 2420 | BO33: 2904 | BP33: 2103 | BQ33: 44174
... M46: =SUM(Z46:AE46) | N46: =SUM(AL46:AQ46) | O46: =SUM(AX46:BC46) | P46: =SUM(BJ46:BN46)+BP46 | Q46: 45 | R46: 41 - 50 | S46: 593 | T46: 759 | U46: 671 | V46: 324 | W46: 390 | X46: 314 | Y46: 291 | Z46: 311 | AA46: 462 | AB46: 654 | AC46: 1235 | AD46: 1751 | AE46: 1200 | AF46: 1722 | AG46: 984 | AH46: 783 | AI46: 671 | AJ46: 527 | AK46: 422 | AL46: 371 | AM46: 573 | AN46: 888 | AO46: 1304 | AP46: 1720 | AQ46: 1798 | AR46: 1485 | AS46: 1006 | AT46: 765 | AU46: 746 | AV46: 673 | AW46: 482 | AX46: 430 | AY46: 471 | AZ46: 1046 | BA46: 1569 | BB46: 2063 | BC46: 1947 | BD46: 1842 | BE46: 1251 | BF46: 957 | BG46: 799 | BH46: 781 | BI46: 554 | BJ46: 431 | BK46: 498 | BL46: 1080 | BM46: 1448 | BN46: 1973 | BO46: 2241 | BP46: 1508 | BQ46: 34700
L47: 46 - 50 | M47: =SUM(Z47:AE47) | N47: =SUM(AL47:AQ47) | O47: =SUM(AX47:BC47) | P47: =SUM(BJ47:BN47)+BP47 | Q47: 46 | R47: 41 - 50 | S47: 581 | T47: 747 | U47: 667 | V47: 323 | W47: 379 | X47: 299 | Y47: 273 | Z47: 309 | AA47: 443 | AB47: 647 | AC47: 1162 | AD47: 1744 | AE47: 1194 | AF47: 1719 | AG47: 976 | AH47: 763 | AI47: 668 | AJ47: 523 | AK47: 386 | AL47: 370 | AM47: 572 | AN47: 863 | AO47: 1297 | AP47: 1708 | AQ47: 1791 | AR47: 1473 | AS47: 979 | AT47: 756 | AU47: 734 | AV47: 650 | AW47: 465 | AX47: 426 | AY47: 455 | AZ47: 1037 | BA47: 1560 | BB47: 2054 | BC47: 1925 | BD47: 1804 | BE47: 1177 | BF47: 947 | BG47: 784 | BH47: 779 | BI47: 539 | BJ47: 422 | BK47: 498 | BL47: 1079 | BM47: 1448 | BN47: 1934 | BO47: 2224 | BP47: 1483 | BQ47: 34233
L48: 46 - 50 | M48: =SUM(Z48:AE48) | N48: =SUM(AL48:AQ48) | O48: =SUM(AX48:BC48) | P48: =SUM(BJ48:BN48)+BP48 | Q48: 47 | R48: 41 - 50 | S48: 580 | T48: 677 | U48: 647 | V48: 317 | W48: 378 | X48: 298 | Y48: 273 | Z48: 305 | AA48: 439 | AB48: 641 | AC48: 1122 | AD48: 1683 | AE48: 1121 | AF48: 1691 | AG48: 943 | AH48: 751 | AI48: 653 | AJ48: 521 | AK48: 376 | AL48: 366 | AM48: 568 | AN48: 861 | AO48: 1279 | AP48: 1697 | AQ48: 1755 | AR48: 1447 | AS48: 954 | AT48: 755 | AU48: 719 | AV48: 641 | AW48: 455 | AX48: 415 | AY48: 449 | AZ48: 1035 | BA48: 1560 | BB48: 2012 | BC48: 1910 | BD48: 1791 | BE48: 1177 | BF48: 894 | BG48: 781 | BH48: 767 | BI48: 538 | BJ48: 421 | BK48: 481 | BL48: 1069 | BM48: 1435 | BN48: 1913 | BO48: 2210 | BP48: 1480 | BQ48: 33835
L49: 46 - 50 | M49: =SUM(Z49:AE49) | N49: =SUM(AL49:AQ49) | O49: =SUM(AX49:BC49) | P49: =SUM(BJ49:BN49)+BP49 | Q49: 48 | R49: 41 - 50 | S49: 548 | T49: 669 | U49: 637 | V49: 312 | W49: 353 | X49: 296 | Y49: 268 | Z49: 303 | AA49: 432 | AB49: 593 | AC49: 1120 | AD49: 1646 | AE49: 1116 | AF49: 1683 | AG49: 906 | AH49: 749 | AI49: 645 | AJ49: 521 | AK49: 365 | AL49: 363 | AM49: 558 | AN49: 839 | AO49: 1260 | AP49: 1665 | AQ49: 1725 | AR49: 1437 | AS49: 943 | AT49: 747 | AU49: 716 | AV49: 612 | AW49: 442 | AX49: 414 | AY49: 440 | AZ49: 1031 | BA49: 1558 | BB49: 2002 | BC49: 1867 | BD49: 1783 | BE49: 1177 | BF49: 851 | BG49: 768 | BH49: 738 | BI49: 528 | BJ49: 420 | BK49: 473 | BL49: 1056 | BM49: 1427 | BN49: 1890 | BO49: 2210 | BP49: 1479 | BQ49: 33419
L50: 46 - 50 | M50: =SUM(Z50:AE50) | N50: =SUM(AL50:AQ50) | O50: =SUM(AX50:BC50) | P50: =SUM(BJ50:BN50)+BP50 | Q50: 49 | R50: 51 - 60 | S50: 535 | T50: 609 | U50: 624 | V50: 295 | W50: 352 | X50: 289 | Y50: 267 | Z50: 303 | AA50: 416 | AB50: 587 | AC50: 1112 | AD50: 1536 | AE50: 1106 | AF50: 1665 | AG50: 860 | AH50: 744 | AI50: 636 | AJ50: 518 | AK50: 362 | AL50: 355 | AM50: 549 | AN50: 826 | AO50: 1166 | AP50: 1619 | AQ50: 1696 | AR50: 1421 | AS50: 927 | AT50: 733 | AU50: 704 | AV50: 604 | AW50: 441 | AX50: 386 | AY50: 434 | AZ50: 1024 | BA50: 1509 | BB50: 1956 | BC50: 1789 | BD50: 1708 | BE50: 1168 | BF50: 829 | BG50: 766 | BH50: 736 | BI50: 518 | BJ50: 411 | BK50: 471 | BL50: 1051 | BM50: 1416 | BN50: 1882 | BO50: 2174 | BP50: 1403 | BQ50: 32672
L51: 46 - 50 | M51: =SUM(Z51:AE51) | N51: =SUM(AL51:AQ51) | O51: =SUM(AX51:BC51) | P51: =SUM(BJ51:BN51)+BP51 | Q51: 50 | R51: 51 - 60 | S51: 535 | T51: 580 | U51: 623 | V51: 282 | W51: 346 | X51: 286 | Y51: 266 | Z51: 301 | AA51: 397 | AB51: 567 | AC51: 1086 | AD51: 1489 | AE51: 1095 | AF51: 1639 | AG51: 856 | AH51: 734 | AI51: 626 | AJ51: 515 | AK51: 357 | AL51: 354 | AM51: 549 | AN51: 795 | AO51: 1166 | AP51: 1618 | AQ51: 1635 | AR51: 1417 | AS51: 925 | AT51: 710 | AU51: 687 | AV51: 602 | AW51: 438 | AX51: 372 | AY51: 432 | AZ51: 992 | BA51: 1503 | BB51: 1946 | BC51: 1759 | BD51: 1689 | BE51: 1162 | BF51: 829 | BG51: 763 | BH51: 719 | BI51: 506 | BJ51: 411 | BK51: 446 | BL51: 1040 | BM51: 1406 | BN51: 1826 | BO51: 2121 | BP51: 1383 | BQ51: 32201
L52: 51 - 80 | M52: =SUM(Z52:AE52) | N52: =SUM(AL52:AQ52) | O52: =SUM(AX52:BC52) | P52: =SUM(BJ52:BN52)+BP52 | Q52: 51 | R52: 51 - 60 | S52: 512 | T52: 574 | U52: 623 | V52: 279 | W52: 345 | X52: 277 | Y52: 258 | Z52: 287 | AA52: 391 | AB52: 552 | AC52: 1059 | AD52: 1485 | AE52: 1090 | AF52: 1601 | AG52: 830 | AH52: 733 | AI52: 609 | AJ52: 514 | AK52: 355 | AL52: 345 | AM52: 549 | AN52: 773 | AO52: 1149 | AP52: 1601 | AQ52: 1633 | AR52: 1367 | AS52: 918 | AT52: 702 | AU52: 686 | AV52: 576 | AW52: 435 | AX52: 367 | AY52: 425 | AZ52: 988 | BA52: 1494 | BB52: 1904 | BC52: 1708 | BD52: 1664 | BE52: 1082 | BF52: 779 | BG52: 762 | BH52: 715 | BI52: 498 | BJ52: 410 | BK52: 445 | BL52: 1039 | BM52: 1396 | BN52: 1801 | BO52: 2104 | BP52: 1372 | BQ52: 31687
L53: 51 - 80 | M53: =SUM(Z53:AE53) | N53: =SUM(AL53:AQ53) | O53: =SUM(AX53:BC53) | P53: =SUM(BJ53:BN53)+BP53 | Q53: 52 | R53: 51 - 60 | S53: 504 | T53: 574 | U53: 616 | V53: 275 | W53: 345 | X53: 271 | Y53: 254 | Z53: 281 | AA53: 343 | AB53: 550 | AC53: 955 | AD53: 1456 | AE53: 1077 | AF53: 1588 | AG53: 824 | AH53: 719 | AI53: 596 | AJ53: 512 | AK53: 354 | AL53: 341 | AM53: 549 | AN53: 747 | AO53: 1145 | AP53: 1587 | AQ53: 1632 | AR53: 1335 | AS53: 892 | AT53: 701 | AU53: 656 | AV53: 562 | AW53: 433 | AX53: 353 | AY53: 419 | AZ53: 961 | BA53: 1486 | BB53: 1779 | BC53: 1702 | BD53: 1621 | BE53: 1060 | BF53: 771 | BG53: 754 | BH53: 699 | BI53: 496 | BJ53: 375 | BK53: 440 | BL53: 1025 | BM53: 1348 | BN53: 1781 | BO53: 1981 | BP53: 1355 | BQ53: 30986
L54: 51 - 80 | M54: =SUM(Z54:AE54) | N54: =SUM(AL54:AQ54) | O54: =SUM(AX54:BC54) | P54: =SUM(BJ54:BN54)+BP54 | Q54: 53 | R54: 51 - 60 | S54: 488 | T54: 560 | U54: 595 | V54: 275 | W54: 337 | X54: 263 | Y54: 246 | Z54: 277 | AA54: 340 | AB54: 540 | AC54: 950 | AD54: 1404 | AE54: 1066 | AF54: 1563 | AG54: 807 | AH54: 718 | AI54: 584 | AJ54: 506 | AK54: 353 | AL54: 330 | AM54: 530 | AN54: 745 | AO54: 1109 | AP54: 1577 | AQ54: 1621 | AR54: 1329 | AS54: 876 | AT54: 700 | AU54: 655 | AV54: 553 | AW54: 431 | AX54: 343 | AY54: 419 | AZ54: 890 | BA54: 1467 | BB54: 1774 | BC54: 1624 | BD54: 1621 | BE54: 1035 | BF54: 757 | BG54: 742 | BH54: 690 | BI54: 492 | BJ54: 361 | BK54: 440 | BL54: 990 | BM54: 1346 | BN54: 1776 | BO54: 1958 | BP54: 1341 | BQ54: 30522
L55: 51 - 80 | M55: =SUM(Z55:AE55) | N55: =SUM(AL55:AQ55) | O55: =SUM(AX55:BC55) | P55: =SUM(BJ55:BN55)+BP55 | Q55: 54 | R55: 51 - 60 | S55: 487 | T55: 559 | U55: 591 | V55: 275 | W55: 328 | X55: 249 | Y55: 243 | Z55: 277 | AA55: 335 | AB55: 516 | AC55: 932 | AD55: 1393 | AE55: 1065 | AF55: 1536 | AG55: 801 | AH55: 715 | AI55: 581 | AJ55: 498 | AK55: 348 | AL55: 330 | AM55: 524 | AN55: 738 | AO55: 1105 | AP55: 1564 | AQ55: 1565 | AR55: 1300 | AS55: 876 | AT55: 691 | AU55: 649 | AV55: 530 | AW55: 428 | AX55: 341 | AY55: 409 | AZ55: 877 | BA55: 1383 | BB55: 1761 | BC55: 1603 | BD55: 1618 | BE55: 1028 | BF55: 742 | BG55: 739 | BH55: 690 | BI55: 481 | BJ55: 350 | BK55: 439 | BL55: 979 | BM55: 1319 | BN55: 1761 | BO55: 1953 | BP55: 1318 | BQ55: 30091
L56: 51 - 80 | M56: =SUM(Z56:AE56) | N56: =SUM(AL56:AQ56) | O56: =SUM(AX56:BC56) | P56: =SUM(BJ56:BN56)+BP56 | Q56: 55 | R56: 51 - 60 | S56: 480 | T56: 558 | U56: 578 | V56: 272 | W56: 306 | X56: 244 | Y56: 227 | Z56: 270 | AA56: 331 | AB56: 511 | AC56: 919 | AD56: 1388 | AE56: 1065 | AF56: 1534 | AG56: 793 | AH56: 709 | AI56: 580 | AJ56: 496 | AK56: 347 | AL56: 328 | AM56: 521 | AN56: 725 | AO56: 1094 | AP56: 1552 | AQ56: 1518 | AR56: 1270 | AS56: 862 | AT56: 687 | AU56: 645 | AV56: 523 | AW56: 423 | AX56: 339 | AY56: 405 | AZ56: 856 | BA56: 1356 | BB56: 1726 | BC56: 1576 | BD56: 1613 | BE56: 1020 | BF56: 738 | BG56: 711 | BH56: 672 | BI56: 474 | BJ56: 350 | BK56: 434 | BL56: 975 | BM56: 1312 | BN56: 1751 | BO56: 1918 | BP56: 1298 | BQ56: 29672
L57: 51 - 80 | M57: =SUM(Z57:AE57) | N57: =SUM(AL57:AQ57) | O57: =SUM(AX57:BC57) | P57: =SUM(BJ57:BN57)+BP57 | Q57: 56 | R57: 51 - 60 | S57: 478 | T57: 536 | U57: 521 | V57: 270 | W57: 304 | X57: 241 | Y57: 224 | Z57: 264 | AA57: 326 | AB57: 508 | AC57: 913 | AD57: 1368 | AE57: 1058 | AF57: 1507 | AG57: 788 | AH57: 704 | AI57: 576 | AJ57: 491 | AK57: 342 | AL57: 326 | AM57: 505 | AN57: 716 | AO57: 1089 | AP57: 1534 | AQ57: 1514 | AR57: 1222 | AS57: 854 | AT57: 681 | AU57: 644 | AV57: 522 | AW57: 422 | AX57: 336 | AY57: 400 | AZ57: 828 | BA57: 1347 | BB57: 1663 | BC57: 1560 | BD57: 1587 | BE57: 1020 | BF57: 718 | BG57: 702 | BH57: 670 | BI57: 469 | BJ57: 347 | BK57: 428 | BL57: 972 | BM57: 1311 | BN57: 1728 | BO57: 1918 | BP57: 1294 | BQ57: 29327
L58: 51 - 80 | M58: =SUM(Z58:AE58) | N58: =SUM(AL58:AQ58) | O58: =SUM(AX58:BC58) | P58: =SUM(BJ58:BN58)+BP58 | Q58: 57 | R58: 51 - 60 | S58: 467 | T58: 530 | U58: 489 | V58: 257 | W58: 302 | X58: 236 | Y58: 219 | Z58: 259 | AA58: 320 | AB58: 490 | AC58: 880 | AD58: 1337 | AE58: 1017 | AF58: 1480 | AG58: 786 | AH58: 702 | AI58: 572 | AJ58: 490 | AK58: 342 | AL58: 325 | AM58: 502 | AN58: 715 | AO58: 1073 | AP58: 1521 | AQ58: 1512 | AR58: 1205 | AS58: 849 | AT58: 676 | AU58: 643 | AV58: 508 | AW58: 400 | AX58: 334 | AY58: 389 | AZ58: 820 | BA58: 1344 | BB58: 1625 | BC58: 1524 | BD58: 1464 | BE58: 997 | BF58: 700 | BG58: 694 | BH58: 664 | BI58: 465 | BJ58: 346 | BK58: 413 | BL58: 965 | BM58: 1302 | BN58: 1696 | BO58: 1872 | BP58: 1291 | BQ58: 28834
... L79: 51 - 80 | M79: =SUM(Z79:AE79) | N79: =SUM(AL79:AQ79) | O79: =SUM(AX79:BC79) | P79: =SUM(BJ79:BN79)+BP79 | Q79: 78 | R79: 71 - 80 | S79: 335 | T79: 395 | U79: 331 | V79: 150 | W79: 200 | X79: 187 | Y79: 176 | Z79: 188 | AA79: 254 | AB79: 332 | AC79: 685 | AD79: 954 | AE79: 828 | AF79: 965 | AG79: 605 | AH79: 526 | AI79: 484 | AJ79: 381 | AK79: 239 | AL79: 223 | AM79: 362 | AN79: 565 | AO79: 833 | AP79: 1071 | AQ79: 1136 | AR79: 889 | AS79: 644 | AT79: 554 | AU79: 484 | AV79: 372 | AW79: 281 | AX79: 265 | AY79: 318 | AZ79: 646 | BA79: 1009 | BB79: 1222 | BC79: 1266 | BD79: 1090 | BE79: 774 | BF79: 580 | BG79: 475 | BH79: 496 | BI79: 366 | BJ79: 269 | BK79: 327 | BL79: 748 | BM79: 1098 | BN79: 1255 | BO79: 1453 | BP79: 1001 | BQ79: 22072
L80: 51 - 80 | Q80: 79 | R80: 81 - 90 | S80: 327 | T80: 393 | U80: 325 | V80: 149 | W80: 199 | X80: 185 | Y80: 169 | Z80: 188 | AA80: 252 | AB80: 330 | AC80: 675 | AD80: 946 | AE80: 805 | AF80: 961 | AG80: 604 | AH80: 526 | AI80: 480 | AJ80: 376 | AK80: 237 | AL80: 221 | AM80: 352 | AN80: 546 | AO80: 832 | AP80: 1053 | AQ80: 1119 | AR80: 888 | AS80: 626 | AT80: 552 | AU80: 479 | AV80: 366 | AW80: 280 | AX80: 262 | AY80: 315 | AZ80: 640 | BA80: 1003 | BB80: 1221 | BC80: 1264 | BD80: 1084 | BE80: 774 | BF80: 578 | BG80: 474 | BH80: 489 | BI80: 364 | BJ80: 267 | BK80: 311 | BL80: 739 | BM80: 1073 | BN80: 1209 | BO80: 1442 | BP80: 996 | BQ80: 21819
L81: 51 - 80 | Q81: 80 | R81: 81 - 90 | S81: 326 | T81: 375 | U81: 325 | V81: 146 | W81: 198 | X81: 183 | Y81: 165 | Z81: 188 | AA81: 250 | AB81: 328 | AC81: 665 | AD81: 946 | AE81: 794 | AF81: 927 | AG81: 586 | AH81: 520 | AI81: 478 | AJ81: 361 | AK81: 236 | AL81: 220 | AM81: 347 | AN81: 532 | AO81: 831 | AP81: 1021 | AQ81: 1116 | AR81: 877 | AS81: 626 | AT81: 543 | AU81: 467 | AV81: 364 | AW81: 277 | AX81: 261 | AY81: 308 | AZ81: 631 | BA81: 1002 | BB81: 1219 | BC81: 1254 | BD81: 1077 | BE81: 767 | BF81: 574 | BG81: 472 | BH81: 481 | BI81: 354 | BJ81: 263 | BK81: 305 | BL81: 723 | BM81: 1065 | BN81: 1204 | BO81: 1437 | BP81: 974 | BQ81: 21592
Q82: 81 | R82: 81 - 90 | S82: 322 | T82: 360 | U82: 322 | V82: 143 | W82: 188 | X82: 182 | Y82: 157 | Z82: 183 | AA82: 250 | AB82: 323 | AC82: 661 | AD82: 931 | AE82: 785 | AF82: 919 | AG82: 585 | AH82: 519 | AI82: 471 | AJ82: 355 | AK82: 234 | AL82: 219 | AM82: 339 | AN82: 530 | AO82: 827 | AP82: 1007 | AQ82: 1091 | AR82: 864 | AS82: 621 | AT82: 531 | AU82: 464 | AV82: 363 | AW82: 276 | AX82: 250 | AY82: 307 | AZ82: 629 | BA82: 998 | BB82: 1211 | BC82: 1238 | BD82: 1063 | BE82: 762 | BF82: 573 | BG82: 472 | BH82: 470 | BI82: 330 | BJ82: 259 | BK82: 300 | BL82: 722 | BM82: 1061 | BN82: 1196 | BO82: 1433 | BP82: 969 | BQ82: 21375
Q83: 82 | R83: 81 - 90 | S83: 320 | T83: 351 | U83: 317 | V83: 142 | W83: 185 | X83: 182 | Y83: 157 | Z83: 183 | AA83: 244 | AB83: 319 | AC83: 615 | AD83: 912 | AE83: 774 | AF83: 918 | AG83: 582 | AH83: 507 | AI83: 464 | AJ83: 349 | AK83: 230 | AL83: 217 | AM83: 339 | AN83: 528 | AO83: 819 | AP83: 1003 | AQ83: 1064 | AR83: 857 | AS83: 620 | AT83: 528 | AU83: 460 | AV83: 358 | AW83: 273 | AX83: 246 | AY83: 306 | AZ83: 624 | BA83: 975 | BB83: 1208 | BC83: 1221 | BD83: 1042 | BE83: 761 | BF83: 570 | BG83: 464 | BH83: 468 | BI83: 330 | BJ83: 259 | BK83: 299 | BL83: 716 | BM83: 1047 | BN83: 1195 | BO83: 1418 | BP83: 942 | BQ83: 21157
Q84: 83 | R84: 81 - 90 | S84: 316 | T84: 347 | U84: 310 | V84: 138 | W84: 181 | X84: 181 | Y84: 153 | Z84: 182 | AA84: 243 | AB84: 319 | AC84: 614 | AD84: 912 | AE84: 766 | AF84: 905 | AG84: 577 | AH84: 500 | AI84: 460 | AJ84: 348 | AK84: 229 | AL84: 213 | AM84: 337 | AN84: 523 | AO84: 817 | AP84: 999 | AQ84: 1038 | AR84: 837 | AS84: 619 | AT84: 520 | AU84: 449 | AV84: 357 | AW84: 272 | AX84: 243 | AY84: 304 | AZ84: 620 | BA84: 965 | BB84: 1200 | BC84: 1221 | BD84: 1023 | BE84: 739 | BF84: 568 | BG84: 464 | BH84: 467 | BI84: 323 | BJ84: 257 | BK84: 298 | BL84: 699 | BM84: 1025 | BN84: 1192 | BO84: 1406 | BP84: 936 | BQ84: 20931
Q85: 84 | R85: 81 - 90 | S85: 312 | T85: 347 | U85: 308 | V85: 134 | W85: 180 | X85: 179 | Y85: 152 | Z85: 182 | AA85: 241 | AB85: 317 | AC85: 612 | AD85: 894 | AE85: 762 | AF85: 878 | AG85: 562 | AH85: 495 | AI85: 448 | AJ85: 347 | AK85: 227 | AL85: 210 | AM85: 324 | AN85: 522 | AO85: 802 | AP85: 996 | AQ85: 1035 | AR85: 834 | AS85: 619 | AT85: 514 | AU85: 447 | AV85: 356 | AW85: 270 | AX85: 240 | AY85: 299 | AZ85: 609 | BA85: 955 | BB85: 1178 | BC85: 1220 | BD85: 1021 | BE85: 737 | BF85: 556 | BG85: 456 | BH85: 462 | BI85: 319 | BJ85: 255 | BK85: 298 | BL85: 687 | BM85: 1022 | BN85: 1188 | BO85: 1388 | BP85: 935 | BQ85: 20754
Q86: 85 | R86: 81 - 90 | S86: 312 | T86: 333 | U86: 299 | V86: 123 | W86: 178 | X86: 176 | Y86: 152 | Z86: 171 | AA86: 238 | AB86: 314 | AC86: 612 | AD86: 891 | AE86: 726 | AF86: 864 | AG86: 560 | AH86: 492 | AI86: 446 | AJ86: 345 | AK86: 225 | AL86: 209 | AM86: 320 | AN86: 522 | AO86: 789 | AP86: 957 | AQ86: 1021 | AR86: 801 | AS86: 616 | AT86: 504 | AU86: 446 | AV86: 354 | AW86: 269 | AX86: 240 | AY86: 292 | AZ86: 608 | BA86: 952 | BB86: 1171 | BC86: 1200 | BD86: 1020 | BE86: 727 | BF86: 551 | BG86: 454 | BH86: 458 | BI86: 318 | BJ86: 252 | BK86: 295 | BL86: 683 | BM86: 992 | BN86: 1176 | BO86: 1368 | BP86: 927 | BQ86: 20492
Q87: 86 | R87: 81 - 90 | S87: 310 | T87: 327 | U87: 298 | V87: 121 | W87: 176 | X87: 172 | Y87: 150 | Z87: 171 | AA87: 238 | AB87: 311 | AC87: 603 | AD87: 880 | AE87: 724 | AF87: 857 | AG87: 558 | AH87: 491 | AI87: 445 | AJ87: 340 | AK87: 224 | AL87: 207 | AM87: 319 | AN87: 518 | AO87: 788 | AP87: 942 | AQ87: 1020 | AR87: 774 | AS87: 605 | AT87: 493 | AU87: 445 | AV87: 353 | AW87: 269 | AX87: 232 | AY87: 291 | AZ87: 592 | BA87: 923 | BB87: 1161 | BC87: 1196 | BD87: 988 | BE87: 722 | BF87: 550 | BG87: 454 | BH87: 453 | BI87: 318 | BJ87: 248 | BK87: 290 | BL87: 681 | BM87: 967 | BN87: 1172 | BO87: 1349 | BP87: 926 | BQ87: 20246
Q88: 87 | R88: 81 - 90 | S88: 305 | T88: 325 | U88: 296 | V88: 120 | W88: 164 | X88: 172 | Y88: 150 | Z88: 171 | AA88: 236 | AB88: 301 | AC88: 593 | AD88: 867 | AE88: 723 | AF88: 854 | AG88: 552 | AH88: 484 | AI88: 443 | AJ88: 329 | AK88: 219 | AL88: 206 | AM88: 308 | AN88: 517 | AO88: 785 | AP88: 930 | AQ88: 1016 | AR88: 767 | AS88: 585 | AT88: 488 | AU88: 442 | AV88: 349 | AW88: 265 | AX88: 231 | AY88: 290 | AZ88: 580 | BA88: 917 | BB88: 1153 | BC88: 1191 | BD88: 974 | BE88: 707 | BF88: 544 | BG88: 451 | BH88: 451 | BI88: 316 | BJ88: 247 | BK88: 288 | BL88: 674 | BM88: 953 | BN88: 1157 | BO88: 1325 | BP88: 920 | BQ88: 20027
Q89: 88 | R89: 81 - 90 | S89: 301 | T89: 322 | U89: 295 | V89: 117 | W89: 162 | X89: 169 | Y89: 149 | Z89: 168 | AA89: 234 | AB89: 293 | AC89: 581 | AD89: 863 | AE89: 715 | AF89: 825 | AG89: 551 | AH89: 482 | AI89: 439 | AJ89: 327 | AK89: 218 | AL89: 206 | AM89: 306 | AN89: 510 | AO89: 781 | AP89: 929 | AQ89: 980 | AR89: 763 | AS89: 582 | AT89: 477 | AU89: 439 | AV89: 346 | AW89: 264 | AX89: 230 | AY89: 290 | AZ89: 574 | BA89: 896 | BB89: 1137 | BC89: 1110 | BD89: 970 | BE89: 658 | BF89: 540 | BG89: 450 | BH89: 451 | BI89: 316 | BJ89: 247 | BK89: 286 | BL89: 662 | BM89: 942 | BN89: 1135 | BO89: 1320 | BP89: 913 | BQ89: 19710
Q90: 89 | R90: 91 - 100 | S90: 296 | T90: 310 | U90: 287 | V90: 114 | W90: 160 | X90: 165 | Y90: 149 | Z90: 164 | AA90: 233 | AB90: 286 | AC90: 580 | AD90: 853 | AE90: 712 | AF90: 811 | AG90: 537 | AH90: 477 | AI90: 437 | AJ90: 323 | AK90: 218 | AL90: 203 | AM90: 303 | AN90: 502 | AO90: 771 | AP90: 903 | AQ90: 972 | AR90: 741 | AS90: 581 | AT90: 469 | AU90: 428 | AV90: 345 | AW90: 260 | AX90: 230 | AY90: 283 | AZ90: 572 | BA90: 872 | BB90: 1119 | BC90: 1100 | BD90: 960 | BE90: 653 | BF90: 536 | BG90: 449 | BH90: 439 | BI90: 312 | BJ90: 241 | BK90: 286 | BL90: 661 | BM90: 939 | BN90: 1127 | BO90: 1273 | BP90: 902 | BQ90: 19432
Q91: 90 | R91: 91 - 100 | S91: 295 | T91: 310 | U91: 284 | V91: 113 | W91: 160 | X91: 163 | Y91: 145 | Z91: 161 | AA91: 231 | AB91: 281 | AC91: 576 | AD91: 822 | AE91: 712 | AF91: 808 | AG91: 521 | AH91: 475 | AI91: 436 | AJ91: 318 | AK91: 218 | AL91: 203 | AM91: 299 | AN91: 499 | AO91: 763 | AP91: 881 | AQ91: 953 | AR91: 739 | AS91: 580 | AT91: 460 | AU91: 423 | AV91: 341 | AW91: 257 | AX91: 229 | AY91: 278 | AZ91: 570 | BA91: 872 | BB91: 1092 | BC91: 1096 | BD91: 942 | BE91: 652 | BF91: 536 | BG91: 444 | BH91: 438 | BI91: 312 | BJ91: 236 | BK91: 284 | BL91: 656 | BM91: 930 | BN91: 1106 | BO91: 1249 | BP91: 901 | BQ91: 19221
Q92: 91 | R92: 91 - 100 | S92: 288 | T92: 309 | U92: 283 | V92: 112 | W92: 155 | X92: 163 | Y92: 140 | Z92: 158 | AA92: 230 | AB92: 266 | AC92: 574 | AD92: 802 | AE92: 702 | AF92: 807 | AG92: 520 | AH92: 469 | AI92: 428 | AJ92: 311 | AK92: 217 | AL92: 202 | AM92: 292 | AN92: 495 | AO92: 762 | AP92: 862 | AQ92: 952 | AR92: 727 | AS92: 573 | AT92: 459 | AU92: 420 | AV92: 341 | AW92: 250 | AX92: 228 | AY92: 273 | AZ92: 562 | BA92: 855 | BB92: 1088 | BC92: 1088 | BD92: 931 | BE92: 636 | BF92: 536 | BG92: 434 | BH92: 431 | BI92: 307 | BJ92: 234 | BK92: 279 | BL92: 649 | BM92: 917 | BN92: 1105 | BO92: 1234 | BP92: 898 | BQ92: 19020
Q93: 92 | R93: 91 - 100 | S93: 282 | T93: 305 | U93: 274 | V93: 111 | W93: 154 | X93: 160 | Y93: 134 | Z93: 157 | AA93: 227 | AB93: 256 | AC93: 564 | AD93: 790 | AE93: 689 | AF93: 797 | AG93: 509 | AH93: 459 | AI93: 426 | AJ93: 310 | AK93: 217 | AL93: 191 | AM93: 292 | AN93: 493 | AO93: 761 | AP93: 855 | AQ93: 925 | AR93: 713 | AS93: 572 | AT93: 449 | AU93: 418 | AV93: 339 | AW93: 248 | AX93: 221 | AY93: 270 | AZ93: 558 | BA93: 854 | BB93: 1082 | BC93: 1069 | BD93: 918 | BE93: 629 | BF93: 536 | BG93: 430 | BH93: 426 | BI93: 305 | BJ93: 231 | BK93: 279 | BL93: 648 | BM93: 906 | BN93: 1105 | BO93: 1227 | BP93: 890 | BQ93: 18840
... Q99: 98 | R99: 91 - 100 | S99: 260 | T99: 277 | U99: 257 | V99: 98 | W99: 150 | X99: 138 | Y99: 128 | Z99: 146 | AA99: 216 | AB99: 243 | AC99: 537 | AD99: 746 | AE99: 654 | AF99: 751 | AG99: 481 | AH99: 435 | AI99: 400 | AJ99: 292 | AK99: 207 | AL99: 178 | AM99: 273 | AN99: 467 | AO99: 694 | AP99: 833 | AQ99: 813 | AR99: 681 | AS99: 544 | AT99: 437 | AU99: 396 | AV99: 321 | AW99: 222 | AX99: 212 | AY99: 255 | AZ99: 528 | BA99: 803 | BB99: 1045 | BC99: 1012 | BD99: 844 | BE99: 615 | BF99: 519 | BG99: 405 | BH99: 396 | BI99: 279 | BJ99: 224 | BK99: 260 | BL99: 601 | BM99: 844 | BN99: 1081 | BO99: 1128 | BP99: 864 | BQ99: 17774
Q100: 99 | S100: 240 | T100: 276 | U100: 254 | V100: 98 | W100: 146 | X100: 137 | Y100: 123 | Z100: 145 | AA100: 197 | AB100: 239 | AC100: 528 | AD100: 733 | AE100: 634 | AF100: 739 | AG100: 473 | AH100: 434 | AI100: 397 | AJ100: 274 | AK100: 205 | AL100: 177 | AM100: 271 | AN100: 465 | AO100: 689 | AP100: 832 | AQ100: 799 | AR100: 674 | AS100: 543 | AT100: 431 | AU100: 396 | AV100: 321 | AW100: 220 | AX100: 207 | AY100: 254 | AZ100: 519 | BA100: 797 | BB100: 1040 | BC100: 1011 | BD100: 844 | BE100: 610 | BF100: 516 | BG100: 403 | BH100: 393 | BI100: 278 | BJ100: 215 | BK100: 259 | BL100: 598 | BM100: 833 | BN100: 1074 | BO100: 1123 | BP100: 864 | BQ100: 17656
Q101: 100 | S101: 235 | T101: 276 | U101: 251 | V101: 93 | W101: 146 | X101: 134 | Y101: 122 | Z101: 144 | AA101: 195 | AB101: 239 | AC101: 523 | AD101: 732 | AE101: 632 | AF101: 738 | AG101: 471 | AH101: 432 | AI101: 384 | AJ101: 266 | AK101: 205 | AL101: 176 | AM101: 269 | AN101: 458 | AO101: 689 | AP101: 831 | AQ101: 798 | AR101: 650 | AS101: 541 | AT101: 431 | AU101: 393 | AV101: 318 | AW101: 219 | AX101: 204 | AY101: 254 | AZ101: 497 | BA101: 773 | BB101: 1039 | BC101: 1006 | BD101: 831 | BE101: 606 | BF101: 504 | BG101: 401 | BH101: 385 | BI101: 275 | BJ101: 213 | BK101: 256 | BL101: 587 | BM101: 818 | BN101: 1048 | BO101: 1121 | BP101: 837 | BQ101: 17428

Sheet BSR底表-加拿大
E1: 25年增幅 | F1: 26年增幅 | K1: 组别 | L1: 24年H1 | M1: 25年H1 | N1: 26年H1 | O1: 排名 | P1: 2024-01 | Q1: 2024-02 | R1: 2024-03 | S1: 2024-04 | T1: 2024-05 | U1: 2024-06 | V1: 2024-07 | W1: 2024-08 | X1: 2024-09 | Y1: 2024-10 | Z1: 2024-11 | AA1: 2024-12 | AB1: 2025-01 | AC1: 2025-02 | AD1: 2025-03 | AE1: 2025-04 | AF1: 2025-05 | AG1: 2025-06 | AH1: 2025-07 | AI1: 2025-08 | AJ1: 2025-09 | AK1: 2025-10 | AL1: 2025-11 | AM1: 2025-12 | AN1: 2026-01 | AO1: 2026-02 | AP1: 2026-03 | AQ1: 2026-04 | AR1: 2026-05 | AS1: 2026-06 | AT1: 2026-07 | AU1: 总计
E2: =(C2-B2)/B2 | F2: =(D2-C2)/C2 | K2: 1 | L2: =SUM(P2:U2) | M2: =SUM(AB2:AG2) | N2: =SUM(AN2:AR2)+AT2 | O2: 1 | P2: 112 | Q2: 89 | R2: 256 | S2: 1080 | T2: 1023 | U2: 1855 | V2: 1588 | W2: 660 | X2: 439 | Y2: 236 | Z2: 184 | AA2: 141 | AB2: 170 | AC2: 211 | AD2: 583 | AE2: 1677 | AF2: 2716 | AG2: 2071 | AH2: 1913 | AI2: 1618 | AJ2: 1618 | AK2: 450 | AL2: 632 | AM2: 317 | AN2: 235 | AO2: 259 | AP2: 554 | AQ2: 1540 | AR2: 2908 | AS2: 2174 | AT2: 1593 | AU2: 30902
E3: =(C3-B3)/B3 | F3: =(D3-C3)/C3 | K3: 2-5 | L3: =SUM(P3:U3) | M3: =SUM(AB3:AG3) | N3: =SUM(AN3:AR3)+AT3 | O3: 2 | P3: 109 | Q3: 81 | R3: 152 | S3: 587 | T3: 862 | U3: 1130 | V3: 889 | W3: 459 | X3: 269 | Y3: 195 | Z3: 139 | AA3: 110 | AB3: 162 | AC3: 186 | AD3: 526 | AE3: 1351 | AF3: 1909 | AG3: 1727 | AH3: 1533 | AI3: 1118 | AJ3: 1118 | AK3: 443 | AL3: 377 | AM3: 305 | AN3: 205 | AO3: 214 | AP3: 501 | AQ3: 1281 | AR3: 2356 | AS3: 2141 | AT3: 1519 | AU3: 23954
E4: =(C4-B4)/B4 | F4: =(D4-C4)/C4 | K4: 2-5 | L4: =SUM(P4:U4) | M4: =SUM(AB4:AG4) | N4: =SUM(AN4:AR4)+AT4 | O4: 3 | P4: 46 | Q4: 77 | R4: 146 | S4: 545 | T4: 729 | U4: 882 | V4: 708 | W4: 457 | X4: 239 | Y4: 193 | Z4: 129 | AA4: 93 | AB4: 140 | AC4: 181 | AD4: 431 | AE4: 1228 | AF4: 1443 | AG4: 1443 | AH4: 1528 | AI4: 1005 | AJ4: 1005 | AK4: 379 | AL4: 250 | AM4: 214 | AN4: 166 | AO4: 163 | AP4: 317 | AQ4: 973 | AR4: 2241 | AS4: 2140 | AT4: 1519 | AU4: 21010
E5: =(C5-B5)/B5 | F5: =(D5-C5)/C5 | K5: 2-5 | L5: =SUM(P5:U5) | M5: =SUM(AB5:AG5) | N5: =SUM(AN5:AR5)+AT5 | O5: 4 | P5: 45 | Q5: 73 | R5: 128 | S5: 428 | T5: 700 | U5: 847 | V5: 699 | W5: 454 | X5: 224 | Y5: 150 | Z5: 127 | AA5: 82 | AB5: 135 | AC5: 149 | AD5: 400 | AE5: 1074 | AF5: 1307 | AG5: 1277 | AH5: 1266 | AI5: 978 | AJ5: 978 | AK5: 373 | AL5: 244 | AM5: 190 | AN5: 132 | AO5: 152 | AP5: 291 | AQ5: 696 | AR5: 1728 | AS5: 1598 | AT5: 1369 | AU5: 18294
E6: =(C6-B6)/B6 | F6: =(D6-C6)/C6 | K6: 2-5 | L6: =SUM(P6:U6) | M6: =SUM(AB6:AG6) | N6: =SUM(AN6:AR6)+AT6 | O6: 5 | P6: 29 | Q6: 57 | R6: 85 | S6: 244 | T6: 669 | U6: 846 | V6: 658 | W6: 426 | X6: 217 | Y6: 146 | Z6: 104 | AA6: 78 | AB6: 87 | AC6: 133 | AD6: 379 | AE6: 934 | AF6: 1062 | AG6: 1202 | AH6: 1263 | AI6: 931 | AJ6: 931 | AK6: 364 | AL6: 237 | AM6: 168 | AN6: 124 | AO6: 146 | AP6: 287 | AQ6: 472 | AR6: 1467 | AS6: 1330 | AT6: 1360 | AU6: 16436
E7: =(C7-B7)/B7 | F7: =(D7-C7)/C7 | K7: 6-10 | L7: =SUM(P7:U7) | M7: =SUM(AB7:AG7) | N7: =SUM(AN7:AR7)+AT7 | O7: 6 | P7: 8 | Q7: 56 | R7: 84 | S7: 209 | T7: 563 | U7: 729 | V7: 652 | W7: 409 | X7: 211 | Y7: 146 | Z7: 102 | AA7: 77 | AB7: 79 | AC7: 119 | AD7: 256 | AE7: 729 | AF7: 1059 | AG7: 933 | AH7: 1037 | AI7: 917 | AJ7: 917 | AK7: 327 | AL7: 215 | AM7: 149 | AN7: 109 | AO7: 138 | AP7: 271 | AQ7: 470 | AR7: 1432 | AS7: 1227 | AT7: 1178 | AU7: 14808
E8: =(C8-B8)/B8 | F8: =(D8-C8)/C8 | K8: 6-10 | L8: =SUM(P8:U8) | M8: =SUM(AB8:AG8) | N8: =SUM(AN8:AR8)+AT8 | O8: 7 | P8: 6 | Q8: 48 | R8: 84 | S8: 197 | T8: 482 | U8: 604 | V8: 565 | W8: 397 | X8: 205 | Y8: 143 | Z8: 102 | AA8: 68 | AB8: 78 | AC8: 112 | AD8: 245 | AE8: 707 | AF8: 919 | AG8: 875 | AH8: 1037 | AI8: 792 | AJ8: 792 | AK8: 294 | AL8: 204 | AM8: 133 | AN8: 92 | AO8: 132 | AP8: 266 | AQ8: 464 | AR8: 1430 | AS8: 1174 | AT8: 887 | AU8: 13534
K9: 6-10 | L9: =SUM(P9:U9) | M9: =SUM(AB9:AG9) | N9: =SUM(AN9:AR9)+AT9 | O9: 8 | P9: 5 | Q9: 35 | R9: 73 | S9: 193 | T9: 419 | U9: 556 | V9: 555 | W9: 394 | X9: 201 | Y9: 136 | Z9: 101 | AA9: 64 | AB9: 55 | AC9: 108 | AD9: 222 | AE9: 554 | AF9: 870 | AG9: 874 | AH9: 863 | AI9: 663 | AJ9: 663 | AK9: 293 | AL9: 176 | AM9: 131 | AN9: 89 | AO9: 128 | AP9: 254 | AQ9: 450 | AR9: 1306 | AS9: 1092 | AT9: 717 | AU9: 12240
K10: 6-10 | L10: =SUM(P10:U10) | M10: =SUM(AB10:AG10) | N10: =SUM(AN10:AR10)+AT10 | O10: 9 | P10: 5 | Q10: 26 | R10: 71 | S10: 190 | T10: 417 | U10: 539 | V10: 420 | W10: 356 | X10: 198 | Y10: 132 | Z10: 101 | AA10: 59 | AB10: 55 | AC10: 99 | AD10: 212 | AE10: 505 | AF10: 801 | AG10: 815 | AH10: 832 | AI10: 581 | AJ10: 581 | AK10: 278 | AL10: 161 | AM10: 130 | AN10: 85 | AO10: 126 | AP10: 239 | AQ10: 444 | AR10: 1210 | AS10: 993 | AT10: 683 | AU10: 11344
K11: 6-10 | L11: =SUM(P11:U11) | M11: =SUM(AB11:AG11) | N11: =SUM(AN11:AR11)+AT11 | O11: 10 | P11: 4 | Q11: 25 | R11: 55 | S11: 183 | T11: 387 | U11: 510 | V11: 394 | W11: 341 | X11: 185 | Y11: 128 | Z11: 84 | AA11: 58 | AB11: 51 | AC11: 98 | AD11: 206 | AE11: 492 | AF11: 795 | AG11: 785 | AH11: 758 | AI11: 539 | AJ11: 539 | AK11: 272 | AL11: 146 | AM11: 118 | AN11: 79 | AO11: 121 | AP11: 239 | AQ11: 428 | AR11: 1192 | AS11: 983 | AT11: 653 | AU11: 10848
K12: 11-15 | L12: =SUM(P12:U12) | M12: =SUM(AB12:AG12) | N12: =SUM(AN12:AR12)+AT12 | O12: 11 | P12: 4 | Q12: 17 | R12: 54 | S12: 178 | T12: 361 | U12: 459 | V12: 388 | W12: 317 | X12: 177 | Y12: 125 | Z12: 73 | AA12: 55 | AB12: 48 | AC12: 69 | AD12: 184 | AE12: 482 | AF12: 790 | AG12: 738 | AH12: 673 | AI12: 505 | AJ12: 505 | AK12: 264 | AL12: 145 | AM12: 112 | AN12: 75 | AO12: 115 | AP12: 214 | AQ12: 417 | AR12: 1110 | AS12: 983 | AT12: 648 | AU12: 10285
K13: 11-15 | L13: =SUM(P13:U13) | M13: =SUM(AB13:AG13) | N13: =SUM(AN13:AR13)+AT13 | O13: 12 | P13: 2 | Q13: 16 | R13: 52 | S13: 170 | T13: 355 | U13: 433 | V13: 372 | W13: 252 | X13: 167 | Y13: 113 | Z13: 69 | AA13: 53 | AB13: 47 | AC13: 66 | AD13: 179 | AE13: 414 | AF13: 786 | AG13: 665 | AH13: 644 | AI13: 496 | AJ13: 496 | AK13: 207 | AL13: 143 | AM13: 101 | AN13: 71 | AO13: 108 | AP13: 195 | AQ13: 392 | AR13: 1063 | AS13: 915 | AT13: 627 | AU13: 9669
K14: 11-15 | L14: =SUM(P14:U14) | M14: =SUM(AB14:AG14) | N14: =SUM(AN14:AR14)+AT14 | O14: 13 | P14: 2 | Q14: 12 | R14: 47 | S14: 169 | T14: 341 | U14: 401 | V14: 351 | W14: 237 | X14: 162 | Y14: 109 | Z14: 68 | AA14: 52 | AB14: 45 | AC14: 66 | AD14: 179 | AE14: 401 | AF14: 734 | AG14: 623 | AH14: 641 | AI14: 470 | AJ14: 470 | AK14: 205 | AL14: 121 | AM14: 98 | AN14: 68 | AO14: 104 | AP14: 185 | AQ14: 390 | AR14: 1031 | AS14: 912 | AT14: 617 | AU14: 9311
K15: 11-15 | L15: =SUM(P15:U15) | M15: =SUM(AB15:AG15) | N15: =SUM(AN15:AR15)+AT15 | O15: 14 | P15: 1 | Q15: 11 | R15: 44 | S15: 166 | T15: 328 | U15: 390 | V15: 335 | W15: 214 | X15: 153 | Y15: 98 | Z15: 67 | AA15: 49 | AB15: 43 | AC15: 64 | AD15: 174 | AE15: 341 | AF15: 731 | AG15: 620 | AH15: 613 | AI15: 430 | AJ15: 430 | AK15: 164 | AL15: 117 | AM15: 96 | AN15: 68 | AO15: 88 | AP15: 173 | AQ15: 389 | AR15: 1007 | AS15: 872 | AT15: 603 | AU15: 8879
K16: 11-15 | L16: =SUM(P16:U16) | M16: =SUM(AB16:AG16) | N16: =SUM(AN16:AR16)+AT16 | O16: 15 | P16: 1 | Q16: 11 | R16: 41 | S16: 158 | T16: 318 | U16: 363 | V16: 307 | W16: 207 | X16: 137 | Y16: 87 | Z16: 64 | AA16: 43 | AB16: 43 | AC16: 62 | AD16: 150 | AE16: 340 | AF16: 718 | AG16: 601 | AH16: 603 | AI16: 414 | AJ16: 414 | AK16: 162 | AL16: 117 | AM16: 88 | AN16: 68 | AO16: 82 | AP16: 165 | AQ16: 367 | AR16: 989 | AS16: 822 | AT16: 571 | AU16: 8513
K17: 16-20 | L17: =SUM(P17:U17) | M17: =SUM(AB17:AG17) | N17: =SUM(AN17:AR17)+AT17 | O17: 16 | P17: 1 | Q17: 9 | R17: 35 | S17: 155 | T17: 289 | U17: 290 | V17: 278 | W17: 189 | X17: 136 | Y17: 84 | Z17: 58 | AA17: 38 | AB17: 42 | AC17: 57 | AD17: 149 | AE17: 334 | AF17: 690 | AG17: 596 | AH17: 556 | AI17: 411 | AJ17: 411 | AK17: 159 | AL17: 114 | AM17: 76 | AN17: 67 | AO17: 82 | AP17: 153 | AQ17: 361 | AR17: 880 | AS17: 745 | AT17: 485 | AU17: 7930
K18: 16-20 | L18: =SUM(P18:U18) | M18: =SUM(AB18:AG18) | N18: =SUM(AN18:AR18)+AT18 | O18: 17 | P18: 1 | Q18: 7 | R18: 34 | S18: 153 | T18: 286 | U18: 270 | V18: 267 | W18: 182 | X18: 106 | Y18: 81 | Z18: 55 | AA18: 37 | AB18: 40 | AC18: 57 | AD18: 137 | AE18: 330 | AF18: 684 | AG18: 565 | AH18: 552 | AI18: 392 | AJ18: 392 | AK18: 158 | AL18: 112 | AM18: 72 | AN18: 65 | AO18: 82 | AP18: 152 | AQ18: 343 | AR18: 801 | AS18: 714 | AT18: 443 | AU18: 7570
K19: 16-20 | L19: =SUM(P19:U19) | M19: =SUM(AB19:AG19) | N19: =SUM(AN19:AR19)+AT19 | O19: 18 | P19: 1 | Q19: 7 | R19: 29 | S19: 150 | T19: 278 | U19: 259 | V19: 265 | W19: 177 | X19: 101 | Y19: 79 | Z19: 53 | AA19: 37 | AB19: 40 | AC19: 55 | AD19: 134 | AE19: 319 | AF19: 590 | AG19: 516 | AH19: 548 | AI19: 390 | AJ19: 390 | AK19: 153 | AL19: 112 | AM19: 65 | AN19: 64 | AO19: 78 | AP19: 148 | AQ19: 341 | AR19: 781 | AS19: 693 | AT19: 413 | AU19: 7266
K20: 16-20 | L20: =SUM(P20:U20) | M20: =SUM(AB20:AG20) | N20: =SUM(AN20:AR20)+AT20 | O20: 19 | P20: 1 | Q20: 6 | R20: 27 | S20: 148 | T20: 263 | U20: 243 | V20: 245 | W20: 170 | X20: 101 | Y20: 76 | Z20: 52 | AA20: 32 | AB20: 38 | AC20: 54 | AD20: 130 | AE20: 292 | AF20: 550 | AG20: 509 | AH20: 506 | AI20: 361 | AJ20: 361 | AK20: 136 | AL20: 107 | AM20: 64 | AN20: 63 | AO20: 76 | AP20: 136 | AQ20: 338 | AR20: 762 | AS20: 686 | AT20: 404 | AU20: 6937
K21: 16-20 | L21: =SUM(P21:U21) | M21: =SUM(AB21:AG21) | N21: =SUM(AN21:AR21)+AT21 | O21: 20 | P21: 0 | Q21: 5 | R21: 26 | S21: 142 | T21: 227 | U21: 232 | V21: 216 | W21: 168 | X21: 85 | Y21: 63 | Z21: 52 | AA21: 31 | AB21: 36 | AC21: 50 | AD21: 126 | AE21: 278 | AF21: 542 | AG21: 506 | AH21: 495 | AI21: 350 | AJ21: 350 | AK21: 132 | AL21: 100 | AM21: 63 | AN21: 63 | AO21: 71 | AP21: 135 | AQ21: 329 | AR21: 704 | AS21: 652 | AT21: 363 | AU21: 6592
L22: =SUM(P22:U22) | M22: =SUM(AB22:AG22) | N22: =SUM(AN22:AR22)+AT22 | O22: 21 | P22: 0 | Q22: 4 | R22: 22 | S22: 127 | T22: 224 | U22: 220 | V22: 215 | W22: 159 | X22: 82 | Y22: 57 | Z22: 47 | AA22: 31 | AB22: 31 | AC22: 49 | AD22: 110 | AE22: 259 | AF22: 518 | AG22: 501 | AH22: 475 | AI22: 349 | AJ22: 349 | AK22: 124 | AL22: 99 | AM22: 61 | AN22: 63 | AO22: 69 | AP22: 135 | AQ22: 316 | AR22: 698 | AS22: 639 | AT22: 356 | AU22: 6389
L23: =SUM(P23:U23) | M23: =SUM(AB23:AG23) | N23: =SUM(AN23:AR23)+AT23 | O23: 22 | P23: 0 | Q23: 4 | R23: 22 | S23: 111 | T23: 202 | U23: 210 | V23: 200 | W23: 153 | X23: 81 | Y23: 55 | Z23: 47 | AA23: 27 | AB23: 29 | AC23: 47 | AD23: 104 | AE23: 238 | AF23: 453 | AG23: 489 | AH23: 448 | AI23: 333 | AJ23: 333 | AK23: 119 | AL23: 97 | AM23: 59 | AN23: 62 | AO23: 66 | AP23: 111 | AQ23: 315 | AR23: 690 | AS23: 573 | AT23: 350 | AU23: 6028
L24: =SUM(P24:U24) | M24: =SUM(AB24:AG24) | N24: =SUM(AN24:AR24)+AT24 | O24: 23 | P24: 0 | Q24: 3 | R24: 21 | S24: 110 | T24: 199 | U24: 207 | V24: 185 | W24: 149 | X24: 81 | Y24: 54 | Z24: 46 | AA24: 26 | AB24: 27 | AC24: 47 | AD24: 100 | AE24: 234 | AF24: 436 | AG24: 462 | AH24: 446 | AI24: 322 | AJ24: 322 | AK24: 117 | AL24: 88 | AM24: 59 | AN24: 61 | AO24: 63 | AP24: 110 | AQ24: 313 | AR24: 683 | AS24: 569 | AT24: 307 | AU24: 5847
L25: =SUM(P25:U25) | M25: =SUM(AB25:AG25) | N25: =SUM(AN25:AR25)+AT25 | O25: 24 | P25: 0 | Q25: 3 | R25: 19 | S25: 103 | T25: 178 | U25: 205 | V25: 184 | W25: 137 | X25: 80 | Y25: 51 | Z25: 45 | AA25: 25 | AB25: 23 | AC25: 41 | AD25: 91 | AE25: 217 | AF25: 431 | AG25: 419 | AH25: 435 | AI25: 320 | AJ25: 320 | AK25: 111 | AL25: 88 | AM25: 59 | AN25: 60 | AO25: 61 | AP25: 105 | AQ25: 311 | AR25: 663 | AS25: 545 | AT25: 300 | AU25: 5630
L26: =SUM(P26:U26) | M26: =SUM(AB26:AG26) | N26: =SUM(AN26:AR26)+AT26 | O26: 25 | P26: 0 | Q26: 3 | R26: 14 | S26: 91 | T26: 174 | U26: 203 | V26: 171 | W26: 126 | X26: 80 | Y26: 50 | Z26: 42 | AA26: 24 | AB26: 22 | AC26: 41 | AD26: 89 | AE26: 196 | AF26: 405 | AG26: 393 | AH26: 426 | AI26: 308 | AJ26: 317 | AK26: 110 | AL26: 82 | AM26: 58 | AN26: 58 | AO26: 60 | AP26: 104 | AQ26: 294 | AR26: 661 | AS26: 543 | AT26: 293 | AU26: 5438
L27: =SUM(P27:U27) | M27: =SUM(AB27:AG27) | N27: =SUM(AN27:AR27)+AT27 | O27: 26 | P27: 0 | Q27: 3 | R27: 11 | S27: 82 | T27: 173 | U27: 193 | V27: 157 | W27: 119 | X27: 79 | Y27: 50 | Z27: 40 | AA27: 22 | AB27: 22 | AC27: 40 | AD27: 84 | AE27: 188 | AF27: 395 | AG27: 382 | AH27: 403 | AI27: 304 | AJ27: 308 | AK27: 107 | AL27: 80 | AM27: 55 | AN27: 57 | AO27: 59 | AP27: 102 | AQ27: 291 | AR27: 619 | AS27: 535 | AT27: 258 | AU27: 5218
L28: =SUM(P28:U28) | M28: =SUM(AB28:AG28) | N28: =SUM(AN28:AR28)+AT28 | O28: 27 | P28: 0 | Q28: 3 | R28: 10 | S28: 81 | T28: 172 | U28: 188 | V28: 147 | W28: 112 | X28: 79 | Y28: 45 | Z28: 38 | AA28: 21 | AB28: 21 | AC28: 37 | AD28: 80 | AE28: 187 | AF28: 325 | AG28: 356 | AH28: 389 | AI28: 285 | AJ28: 304 | AK28: 103 | AL28: 70 | AM28: 53 | AN28: 55 | AO28: 57 | AP28: 99 | AQ28: 287 | AR28: 613 | AS28: 512 | AT28: 245 | AU28: 4974
L29: =SUM(P29:U29) | M29: =SUM(AB29:AG29) | N29: =SUM(AN29:AR29)+AT29 | O29: 28 | P29: 0 | Q29: 3 | R29: 10 | S29: 76 | T29: 169 | U29: 183 | V29: 138 | W29: 110 | X29: 74 | Y29: 39 | Z29: 37 | AA29: 21 | AB29: 21 | AC29: 36 | AD29: 78 | AE29: 182 | AF29: 304 | AG29: 351 | AH29: 387 | AI29: 280 | AJ29: 285 | AK29: 93 | AL29: 68 | AM29: 50 | AN29: 47 | AO29: 53 | AP29: 98 | AQ29: 277 | AR29: 611 | AS29: 491 | AT29: 236 | AU29: 4808
L30: =SUM(P30:U30) | M30: =SUM(AB30:AG30) | N30: =SUM(AN30:AR30)+AT30 | O30: 29 | P30: 0 | Q30: 3 | R30: 9 | S30: 64 | T30: 164 | U30: 178 | V30: 133 | W30: 93 | X30: 74 | Y30: 39 | Z30: 32 | AA30: 19 | AB30: 19 | AC30: 36 | AD30: 75 | AE30: 180 | AF30: 302 | AG30: 313 | AH30: 381 | AI30: 275 | AJ30: 280 | AK30: 88 | AL30: 68 | AM30: 48 | AN30: 46 | AO30: 53 | AP30: 95 | AQ30: 269 | AR30: 543 | AS30: 448 | AT30: 235 | AU30: 4562
L31: =SUM(P31:U31) | M31: =SUM(AB31:AG31) | N31: =SUM(AN31:AR31)+AT31 | O31: 30 | P31: 0 | Q31: 3 | R31: 7 | S31: 62 | T31: 163 | U31: 166 | V31: 132 | W31: 88 | X31: 62 | Y31: 39 | Z31: 30 | AA31: 18 | AB31: 19 | AC31: 36 | AD31: 75 | AE31: 178 | AF31: 298 | AG31: 313 | AH31: 354 | AI31: 259 | AJ31: 275 | AK31: 87 | AL31: 66 | AM31: 48 | AN31: 42 | AO31: 52 | AP31: 93 | AQ31: 262 | AR31: 516 | AS31: 438 | AT31: 222 | AU31: 4403
L32: =SUM(P32:U32) | M32: =SUM(AB32:AG32) | N32: =SUM(AN32:AR32)+AT32 | O32: 31 | P32: 0 | Q32: 3 | R32: 7 | S32: 56 | T32: 146 | U32: 165 | V32: 130 | W32: 87 | X32: 61 | Y32: 38 | Z32: 30 | AA32: 17 | AB32: 17 | AC32: 35 | AD32: 70 | AE32: 177 | AF32: 284 | AG32: 307 | AH32: 336 | AI32: 217 | AJ32: 259 | AK32: 86 | AL32: 66 | AM32: 42 | AN32: 41 | AO32: 51 | AP32: 90 | AQ32: 258 | AR32: 512 | AS32: 419 | AT32: 221 | AU32: 4228
L33: =SUM(P33:U33) | M33: =SUM(AB33:AG33) | N33: =SUM(AN33:AR33)+AT33 | O33: 32 | P33: 0 | Q33: 2 | R33: 6 | S33: 55 | T33: 142 | U33: 162 | V33: 118 | W33: 82 | X33: 58 | Y33: 37 | Z33: 30 | AA33: 17 | AB33: 15 | AC33: 34 | AD33: 70 | AE33: 167 | AF33: 278 | AG33: 288 | AH33: 332 | AI33: 213 | AJ33: 213 | AK33: 85 | AL33: 64 | AM33: 41 | AN33: 40 | AO33: 49 | AP33: 88 | AQ33: 251 | AR33: 508 | AS33: 410 | AT33: 220 | AU33: 4075
... L37: =SUM(P37:U37) | M37: =SUM(AB37:AG37) | N37: =SUM(AN37:AR37)+AT37 | O37: 36 | P37: 0 | Q37: 2 | R37: 5 | S37: 34 | T37: 115 | U37: 137 | V37: 105 | W37: 76 | X37: 55 | Y37: 29 | Z37: 25 | AA37: 15 | AB37: 11 | AC37: 28 | AD37: 61 | AE37: 135 | AF37: 220 | AG37: 246 | AH37: 274 | AI37: 155 | AJ37: 155 | AK37: 80 | AL37: 49 | AM37: 37 | AN37: 34 | AO37: 43 | AP37: 78 | AQ37: 195 | AR37: 456 | AS37: 342 | AT37: 179 | AU37: 3376
L38: =SUM(P38:U38) | M38: =SUM(AB38:AG38) | N38: =SUM(AN38:AR38)+AT38 | O38: 37 | Q38: 2 | R38: 5 | S38: 30 | T38: 110 | U38: 126 | V38: 105 | W38: 74 | X38: 53 | Y38: 28 | Z38: 25 | AA38: 14 | AB38: 11 | AC38: 27 | AD38: 57 | AE38: 134 | AF38: 218 | AG38: 230 | AH38: 247 | AI38: 154 | AJ38: 154 | AK38: 75 | AL38: 46 | AM38: 35 | AN38: 34 | AO38: 40 | AP38: 78 | AQ38: 189 | AR38: 442 | AS38: 337 | AT38: 170 | AU38: 3250
L39: =SUM(P39:U39) | M39: =SUM(AB39:AG39) | N39: =SUM(AN39:AR39)+AT39 | O39: 38 | Q39: 1 | R39: 5 | S39: 29 | T39: 109 | U39: 124 | V39: 101 | W39: 70 | X39: 52 | Y39: 27 | Z39: 23 | AA39: 13 | AB39: 10 | AC39: 25 | AD39: 50 | AE39: 134 | AF39: 207 | AG39: 222 | AH39: 246 | AI39: 128 | AJ39: 128 | AK39: 66 | AL39: 42 | AM39: 34 | AN39: 32 | AO39: 38 | AP39: 74 | AQ39: 187 | AR39: 442 | AS39: 321 | AT39: 163 | AU39: 3103
L40: =SUM(P40:U40) | M40: =SUM(AB40:AG40) | N40: =SUM(AN40:AR40)+AT40 | O40: 39 | Q40: 1 | R40: 4 | S40: 28 | T40: 108 | U40: 115 | V40: 98 | W40: 63 | X40: 48 | Y40: 26 | Z40: 23 | AA40: 10 | AB40: 9 | AC40: 24 | AD40: 50 | AE40: 131 | AF40: 204 | AG40: 219 | AH40: 245 | AI40: 127 | AJ40: 127 | AK40: 62 | AL40: 39 | AM40: 33 | AN40: 30 | AO40: 38 | AP40: 69 | AQ40: 179 | AR40: 426 | AS40: 317 | AT40: 145 | AU40: 2998
L41: =SUM(P41:U41) | M41: =SUM(AB41:AG41) | N41: =SUM(AN41:AR41)+AT41 | O41: 40 | Q41: 1 | R41: 4 | S41: 26 | T41: 106 | U41: 99 | V41: 93 | W41: 63 | X41: 46 | Y41: 25 | Z41: 21 | AA41: 8 | AB41: 9 | AC41: 23 | AD41: 44 | AE41: 121 | AF41: 186 | AG41: 207 | AH41: 217 | AI41: 126 | AJ41: 126 | AK41: 60 | AL41: 39 | AM41: 33 | AN41: 30 | AO41: 35 | AP41: 65 | AQ41: 163 | AR41: 415 | AS41: 312 | AT41: 144 | AU41: 2847
L42: =SUM(P42:U42) | M42: =SUM(AB42:AG42) | N42: =SUM(AN42:AR42)+AT42 | O42: 41 | Q42: 1 | R42: 4 | S42: 22 | T42: 101 | U42: 98 | V42: 89 | W42: 60 | X42: 44 | Y42: 25 | Z42: 21 | AA42: 8 | AB42: 9 | AC42: 23 | AD42: 43 | AE42: 111 | AF42: 179 | AG42: 192 | AH42: 216 | AI42: 125 | AJ42: 125 | AK42: 56 | AL42: 39 | AM42: 31 | AN42: 28 | AO42: 31 | AP42: 62 | AQ42: 162 | AR42: 411 | AS42: 290 | AT42: 144 | AU42: 2750
L43: =SUM(P43:U43) | M43: =SUM(AB43:AG43) | N43: =SUM(AN43:AR43)+AT43 | O43: 42 | Q43: 1 | R43: 3 | S43: 21 | T43: 95 | U43: 88 | V43: 88 | W43: 58 | X43: 42 | Y43: 25 | Z43: 21 | AA43: 8 | AB43: 8 | AC43: 23 | AD43: 42 | AE43: 111 | AF43: 168 | AG43: 188 | AH43: 210 | AI43: 119 | AJ43: 119 | AK43: 54 | AL43: 37 | AM43: 28 | AN43: 27 | AO43: 30 | AP43: 61 | AQ43: 148 | AR43: 391 | AS43: 286 | AT43: 137 | AU43: 2637
L44: =SUM(P44:U44) | M44: =SUM(AB44:AG44) | N44: =SUM(AN44:AR44)+AT44 | O44: 43 | Q44: 1 | R44: 3 | S44: 18 | T44: 85 | U44: 87 | V44: 75 | W44: 53 | X44: 41 | Y44: 24 | Z44: 20 | AA44: 6 | AB44: 8 | AC44: 20 | AD44: 40 | AE44: 106 | AF44: 164 | AG44: 174 | AH44: 205 | AI44: 117 | AJ44: 117 | AK44: 52 | AL44: 37 | AM44: 25 | AN44: 26 | AO44: 29 | AP44: 61 | AQ44: 143 | AR44: 390 | AS44: 281 | AT44: 135 | AU44: 2543
L45: =SUM(P45:U45) | M45: =SUM(AB45:AG45) | N45: =SUM(AN45:AR45)+AT45 | O45: 44 | Q45: 1 | R45: 3 | S45: 17 | T45: 78 | U45: 85 | V45: 73 | W45: 53 | X45: 38 | Y45: 24 | Z45: 19 | AA45: 6 | AB45: 8 | AC45: 20 | AD45: 37 | AE45: 99 | AF45: 161 | AG45: 171 | AH45: 201 | AI45: 107 | AJ45: 107 | AK45: 52 | AL45: 35 | AM45: 24 | AN45: 25 | AO45: 28 | AP45: 61 | AQ45: 139 | AR45: 374 | AS45: 280 | AT45: 133 | AU45: 2459
L46: =SUM(P46:U46) | M46: =SUM(AB46:AG46) | N46: =SUM(AN46:AR46)+AT46 | O46: 45 | Q46: 1 | R46: 3 | S46: 16 | T46: 69 | U46: 75 | V46: 73 | W46: 50 | X46: 38 | Y46: 23 | Z46: 18 | AA46: 6 | AB46: 6 | AC46: 20 | AD46: 34 | AE46: 96 | AF46: 155 | AG46: 169 | AH46: 199 | AI46: 106 | AJ46: 106 | AK46: 52 | AL46: 34 | AM46: 23 | AN46: 24 | AO46: 28 | AP46: 60 | AQ46: 139 | AR46: 360 | AS46: 275 | AT46: 118 | AU46: 2376
K47: 46 - 50 | L47: =SUM(P47:U47) | M47: =SUM(AB47:AG47) | N47: =SUM(AN47:AR47)+AT47 | O47: 46 | Q47: 1 | R47: 3 | S47: 15 | T47: 63 | U47: 73 | V47: 70 | W47: 49 | X47: 34 | Y47: 21 | Z47: 18 | AA47: 5 | AB47: 6 | AC47: 20 | AD47: 32 | AE47: 95 | AF47: 153 | AG47: 164 | AH47: 180 | AI47: 105 | AJ47: 105 | AK47: 49 | AL47: 32 | AM47: 20 | AN47: 23 | AO47: 28 | AP47: 60 | AQ47: 130 | AR47: 340 | AS47: 269 | AT47: 113 | AU47: 2276
K48: 46 - 50 | L48: =SUM(P48:U48) | M48: =SUM(AB48:AG48) | N48: =SUM(AN48:AR48)+AT48 | O48: 47 | Q48: 1 | R48: 2 | S48: 14 | T48: 62 | U48: 70 | V48: 69 | W48: 42 | X48: 33 | Y48: 20 | Z48: 17 | AA48: 5 | AB48: 5 | AC48: 19 | AD48: 29 | AE48: 95 | AF48: 152 | AG48: 162 | AH48: 171 | AI48: 101 | AJ48: 101 | AK48: 46 | AL48: 31 | AM48: 19 | AN48: 23 | AO48: 28 | AP48: 56 | AQ48: 128 | AR48: 326 | AS48: 260 | AT48: 112 | AU48: 2199
K49: 46 - 50 | L49: =SUM(P49:U49) | M49: =SUM(AB49:AG49) | N49: =SUM(AN49:AR49)+AT49 | O49: 48 | Q49: 1 | R49: 2 | S49: 14 | T49: 55 | U49: 66 | V49: 69 | W49: 40 | X49: 33 | Y49: 20 | Z49: 16 | AA49: 5 | AB49: 5 | AC49: 18 | AD49: 28 | AE49: 86 | AF49: 149 | AG49: 156 | AH49: 159 | AI49: 101 | AJ49: 101 | AK49: 46 | AL49: 29 | AM49: 19 | AN49: 22 | AO49: 26 | AP49: 53 | AQ49: 125 | AR49: 321 | AS49: 256 | AT49: 108 | AU49: 2129
K50: 46 - 50 | L50: =SUM(P50:U50) | M50: =SUM(AB50:AG50) | N50: =SUM(AN50:AR50)+AT50 | O50: 49 | Q50: 1 | R50: 2 | S50: 13 | T50: 50 | U50: 63 | V50: 68 | W50: 40 | X50: 28 | Y50: 19 | Z50: 14 | AA50: 4 | AB50: 5 | AC50: 18 | AD50: 28 | AE50: 80 | AF50: 146 | AG50: 151 | AH50: 155 | AI50: 99 | AJ50: 99 | AK50: 42 | AL50: 28 | AM50: 17 | AN50: 19 | AO50: 24 | AP50: 52 | AQ50: 121 | AR50: 305 | AS50: 255 | AT50: 99 | AU50: 2045
K51: 46 - 50 | L51: =SUM(P51:U51) | M51: =SUM(AB51:AG51) | N51: =SUM(AN51:AR51)+AT51 | O51: 50 | Q51: 1 | R51: 2 | S51: 13 | T51: 50 | U51: 62 | V51: 67 | W51: 38 | X51: 28 | Y51: 19 | Z51: 14 | AA51: 4 | AB51: 4 | AC51: 18 | AD51: 27 | AE51: 80 | AF51: 138 | AG51: 135 | AH51: 155 | AI51: 97 | AJ51: 97 | AK51: 42 | AL51: 28 | AM51: 17 | AN51: 18 | AO51: 23 | AP51: 52 | AQ51: 113 | AR51: 305 | AS51: 249 | AT51: 93 | AU51: 1989
K52: 51 - 80 | L52: =SUM(P52:U52) | M52: =SUM(AB52:AG52) | N52: =SUM(AN52:AR52)+AT52 | O52: 51 | Q52: 1 | R52: 2 | S52: 13 | T52: 40 | U52: 61 | V52: 63 | W52: 38 | X52: 27 | Y52: 18 | Z52: 13 | AA52: 3 | AB52: 4 | AC52: 15 | AD52: 27 | AE52: 71 | AF52: 132 | AG52: 128 | AH52: 153 | AI52: 96 | AJ52: 96 | AK52: 41 | AL52: 28 | AM52: 15 | AN52: 18 | AO52: 23 | AP52: 48 | AQ52: 105 | AR52: 302 | AS52: 247 | AT52: 87 | AU52: 1915
K53: 51 - 80 | L53: =SUM(P53:U53) | M53: =SUM(AB53:AG53) | N53: =SUM(AN53:AR53)+AT53 | O53: 52 | Q53: 1 | R53: 2 | S53: 13 | T53: 36 | U53: 58 | V53: 62 | W53: 37 | X53: 27 | Y53: 16 | Z53: 13 | AA53: 3 | AB53: 4 | AC53: 14 | AD53: 25 | AE53: 68 | AF53: 129 | AG53: 125 | AH53: 150 | AI53: 94 | AJ53: 94 | AK53: 41 | AL53: 23 | AM53: 14 | AN53: 17 | AO53: 22 | AP53: 48 | AQ53: 94 | AR53: 281 | AS53: 237 | AT53: 83 | AU53: 1831
K54: 51 - 80 | L54: =SUM(P54:U54) | M54: =SUM(AB54:AG54) | N54: =SUM(AN54:AR54)+AT54 | O54: 53 | Q54: 1 | R54: 2 | S54: 12 | T54: 36 | U54: 56 | V54: 61 | W54: 37 | X54: 26 | Y54: 16 | Z54: 12 | AA54: 3 | AB54: 4 | AC54: 13 | AD54: 25 | AE54: 59 | AF54: 127 | AG54: 118 | AH54: 148 | AI54: 89 | AJ54: 89 | AK54: 39 | AL54: 19 | AM54: 10 | AN54: 14 | AO54: 19 | AP54: 47 | AQ54: 91 | AR54: 277 | AS54: 222 | AT54: 81 | AU54: 1753
K55: 51 - 80 | L55: =SUM(P55:U55) | M55: =SUM(AB55:AG55) | N55: =SUM(AN55:AR55)+AT55 | O55: 54 | Q55: 1 | R55: 2 | S55: 11 | T55: 35 | U55: 56 | V55: 59 | W55: 37 | X55: 25 | Y55: 16 | Z55: 11 | AA55: 3 | AB55: 4 | AC55: 12 | AD55: 24 | AE55: 56 | AF55: 124 | AG55: 116 | AH55: 148 | AI55: 77 | AJ55: 77 | AK55: 38 | AL55: 18 | AM55: 7 | AN55: 13 | AO55: 16 | AP55: 44 | AQ55: 86 | AR55: 275 | AS55: 217 | AT55: 78 | AU55: 1686
K56: 51 - 80 | L56: =SUM(P56:U56) | M56: =SUM(AB56:AG56) | N56: =SUM(AN56:AR56)+AT56 | O56: 55 | Q56: 1 | R56: 2 | S56: 11 | T56: 35 | U56: 53 | V56: 59 | W56: 35 | X56: 25 | Y56: 15 | Z56: 11 | AA56: 3 | AB56: 3 | AC56: 12 | AD56: 22 | AE56: 55 | AF56: 121 | AG56: 112 | AH56: 145 | AI56: 75 | AJ56: 75 | AK56: 37 | AL56: 11 | AM56: 6 | AN56: 10 | AO56: 15 | AP56: 43 | AQ56: 80 | AR56: 271 | AS56: 215 | AT56: 76 | AU56: 1634
K57: 51 - 80 | L57: =SUM(P57:U57) | M57: =SUM(AB57:AG57) | N57: =SUM(AN57:AR57)+AT57 | O57: 56 | Q57: 1 | R57: 1 | S57: 10 | T57: 34 | U57: 50 | V57: 58 | W57: 35 | X57: 25 | Y57: 15 | Z57: 9 | AA57: 2 | AB57: 3 | AC57: 11 | AD57: 22 | AE57: 55 | AF57: 111 | AG57: 107 | AH57: 142 | AI57: 73 | AJ57: 73 | AK57: 37 | AL57: 9 | AM57: 5 | AN57: 10 | AO57: 15 | AP57: 42 | AQ57: 76 | AR57: 237 | AS57: 210 | AT57: 76 | AU57: 1554
K58: 51 - 80 | L58: =SUM(P58:U58) | M58: =SUM(AB58:AG58) | N58: =SUM(AN58:AR58)+AT58 | O58: 57 | Q58: 1 | R58: 1 | S58: 9 | T58: 33 | U58: 50 | V58: 56 | W58: 35 | X58: 24 | Y58: 14 | Z58: 9 | AA58: 2 | AB58: 3 | AC58: 10 | AD58: 20 | AE58: 53 | AF58: 107 | AG58: 106 | AH58: 140 | AI58: 62 | AJ58: 62 | AK58: 36 | AL58: 8 | AM58: 4 | AN58: 10 | AO58: 14 | AP58: 42 | AQ58: 67 | AR58: 231 | AS58: 206 | AT58: 76 | AU58: 1491
... K73: 51 - 80 | L73: =SUM(P73:U73) | M73: =SUM(AB73:AG73) | N73: =SUM(AN73:AR73)+AT73 | O73: 72 | Q73: 1 | R73: 0 | S73: 4 | T73: 11 | U73: 25 | V73: 33 | W73: 25 | X73: 17 | Y73: 9 | Z73: 6 | AA73: 1 | AB73: 2 | AC73: 4 | AD73: 6 | AE73: 24 | AF73: 75 | AG73: 62 | AH73: 61 | AI73: 32 | AJ73: 32 | AK73: 22 | AL73: 4 | AM73: 0 | AN73: 1 | AO73: 2 | AP73: 18 | AQ73: 33 | AR73: 141 | AS73: 158 | AT73: 50 | AU73: 859
K74: 51 - 80 | L74: =SUM(P74:U74) | M74: =SUM(AB74:AG74) | N74: =SUM(AN74:AR74)+AT74 | O74: 73 | Q74: 1 | R74: 0 | S74: 3 | T74: 10 | U74: 25 | V74: 32 | W74: 24 | X74: 17 | Y74: 8 | Z74: 6 | AA74: 0 | AB74: 2 | AC74: 3 | AD74: 6 | AE74: 23 | AF74: 73 | AG74: 60 | AH74: 58 | AI74: 28 | AJ74: 28 | AK74: 21 | AL74: 4 | AM74: 0 | AO74: 2 | AP74: 18 | AQ74: 31 | AR74: 140 | AS74: 158 | AT74: 50 | AU74: 831
K75: 51 - 80 | L75: =SUM(P75:U75) | M75: =SUM(AB75:AG75) | N75: =SUM(AN75:AR75)+AT75 | O75: 74 | Q75: 0 | R75: 0 | S75: 3 | T75: 10 | U75: 24 | V75: 30 | W75: 23 | X75: 16 | Y75: 7 | Z75: 6 | AA75: 0 | AB75: 2 | AC75: 3 | AD75: 5 | AE75: 23 | AF75: 60 | AG75: 59 | AH75: 52 | AI75: 25 | AJ75: 25 | AK75: 19 | AL75: 3 | AO75: 1 | AP75: 17 | AQ75: 31 | AR75: 139 | AS75: 156 | AT75: 49 | AU75: 788
K76: 51 - 80 | L76: =SUM(P76:U76) | M76: =SUM(AB76:AG76) | N76: =SUM(AN76:AR76)+AT76 | O76: 75 | Q76: 0 | R76: 0 | S76: 3 | T76: 9 | U76: 22 | V76: 30 | W76: 23 | X76: 16 | Y76: 7 | Z76: 6 | AA76: 0 | AB76: 1 | AC76: 3 | AD76: 5 | AE76: 22 | AF76: 58 | AG76: 58 | AH76: 49 | AI76: 25 | AJ76: 25 | AK76: 16 | AL76: 3 | AO76: 1 | AP76: 17 | AQ76: 30 | AR76: 136 | AS76: 155 | AT76: 49 | AU76: 769
K77: 51 - 80 | L77: =SUM(P77:U77) | M77: =SUM(AB77:AG77) | N77: =SUM(AN77:AR77)+AT77 | O77: 76 | Q77: 0 | R77: 0 | S77: 3 | T77: 8 | U77: 22 | V77: 30 | W77: 23 | X77: 16 | Y77: 7 | Z77: 6 | AA77: 0 | AB77: 1 | AC77: 3 | AD77: 5 | AE77: 21 | AF77: 58 | AG77: 56 | AH77: 46 | AI77: 24 | AJ77: 24 | AK77: 13 | AL77: 3 | AO77: 1 | AP77: 16 | AQ77: 27 | AR77: 128 | AS77: 155 | AT77: 48 | AU77: 744
K78: 51 - 80 | L78: =SUM(P78:U78) | M78: =SUM(AB78:AG78) | N78: =SUM(AN78:AR78)+AT78 | O78: 77 | Q78: 0 | R78: 0 | S78: 3 | T78: 7 | U78: 22 | V78: 29 | W78: 21 | X78: 16 | Y78: 7 | Z78: 6 | AA78: 0 | AB78: 1 | AC78: 3 | AD78: 5 | AE78: 20 | AF78: 55 | AG78: 53 | AH78: 44 | AI78: 24 | AJ78: 24 | AK78: 13 | AL78: 3 | AO78: 1 | AP78: 15 | AQ78: 25 | AR78: 126 | AS78: 148 | AT78: 46 | AU78: 717
K79: 51 - 80 | L79: =SUM(P79:U79) | M79: =SUM(AB79:AG79) | N79: =SUM(AN79:AR79)+AT79 | O79: 78 | Q79: 0 | R79: 0 | S79: 3 | T79: 6 | U79: 20 | V79: 29 | W79: 20 | X79: 15 | Y79: 7 | Z79: 6 | AA79: 0 | AB79: 1 | AC79: 3 | AD79: 5 | AE79: 20 | AF79: 54 | AG79: 52 | AH79: 42 | AI79: 24 | AJ79: 24 | AK79: 13 | AL79: 3 | AO79: 1 | AP79: 12 | AQ79: 24 | AR79: 125 | AS79: 142 | AT79: 44 | AU79: 695
K80: 51 - 80 | L80: =SUM(P80:U80) | M80: =SUM(AB80:AG80) | N80: =SUM(AN80:AR80)+AT80 | O80: 79 | Q80: 0 | R80: 0 | S80: 3 | T80: 6 | U80: 19 | V80: 28 | W80: 20 | X80: 15 | Y80: 6 | Z80: 6 | AA80: 0 | AB80: 1 | AC80: 3 | AD80: 5 | AE80: 20 | AF80: 50 | AG80: 50 | AH80: 41 | AI80: 20 | AJ80: 20 | AK80: 13 | AL80: 3 | AP80: 10 | AQ80: 24 | AR80: 121 | AS80: 142 | AT80: 44 | AU80: 670
K81: 51 - 80 | L81: =SUM(P81:U81) | M81: =SUM(AB81:AG81) | N81: =SUM(AN81:AR81)+AT81 | O81: 80 | Q81: 0 | R81: 0 | S81: 3 | T81: 5 | U81: 19 | V81: 27 | W81: 20 | X81: 15 | Y81: 6 | Z81: 5 | AA81: 0 | AB81: 1 | AC81: 3 | AD81: 5 | AE81: 20 | AF81: 50 | AG81: 45 | AH81: 38 | AI81: 18 | AJ81: 18 | AK81: 12 | AL81: 3 | AP81: 9 | AQ81: 22 | AR81: 121 | AS81: 142 | AT81: 44 | AU81: 651
L82: =SUM(P82:U82) | M82: =SUM(AB82:AG82) | N82: =SUM(AN82:AR82)+AT82 | O82: 81 | Q82: 0 | R82: 0 | S82: 3 | T82: 5 | U82: 17 | V82: 26 | W82: 19 | X82: 15 | Y82: 6 | Z82: 5 | AA82: 0 | AB82: 1 | AC82: 2 | AD82: 5 | AE82: 20 | AF82: 50 | AG82: 44 | AH82: 37 | AI82: 16 | AJ82: 16 | AK82: 12 | AL82: 2 | AP82: 8 | AQ82: 20 | AR82: 112 | AS82: 139 | AT82: 44 | AU82: 624
L83: =SUM(P83:U83) | M83: =SUM(AB83:AG83) | N83: =SUM(AN83:AR83)+AT83 | O83: 82 | Q83: 0 | R83: 0 | S83: 2 | T83: 4 | U83: 17 | V83: 26 | W83: 19 | X83: 14 | Y83: 6 | Z83: 5 | AA83: 0 | AB83: 1 | AC83: 2 | AD83: 4 | AE83: 19 | AF83: 47 | AG83: 41 | AH83: 35 | AI83: 16 | AJ83: 16 | AK83: 12 | AL83: 2 | AP83: 6 | AQ83: 20 | AR83: 111 | AS83: 139 | AT83: 42 | AU83: 606
L84: =SUM(P84:U84) | M84: =SUM(AB84:AG84) | N84: =SUM(AN84:AR84)+AT84 | O84: 83 | Q84: 0 | R84: 0 | S84: 2 | T84: 4 | U84: 16 | V84: 25 | W84: 19 | X84: 14 | Y84: 5 | Z84: 5 | AA84: 0 | AB84: 1 | AC84: 2 | AD84: 4 | AE84: 19 | AF84: 46 | AG84: 40 | AH84: 34 | AI84: 15 | AJ84: 15 | AK84: 11 | AL84: 2 | AP84: 5 | AQ84: 17 | AR84: 108 | AS84: 135 | AT84: 42 | AU84: 586
L85: =SUM(P85:U85) | M85: =SUM(AB85:AG85) | N85: =SUM(AN85:AR85)+AT85 | O85: 84 | Q85: 0 | R85: 0 | S85: 2 | T85: 3 | U85: 13 | V85: 25 | W85: 18 | X85: 14 | Y85: 5 | Z85: 5 | AA85: 0 | AB85: 1 | AC85: 2 | AD85: 4 | AE85: 19 | AF85: 46 | AG85: 38 | AH85: 33 | AI85: 15 | AJ85: 15 | AK85: 11 | AL85: 2 | AP85: 5 | AQ85: 15 | AR85: 104 | AS85: 121 | AT85: 41 | AU85: 557
L86: =SUM(P86:U86) | M86: =SUM(AB86:AG86) | N86: =SUM(AN86:AR86)+AT86 | O86: 85 | Q86: 0 | R86: 0 | S86: 2 | T86: 3 | U86: 13 | V86: 25 | W86: 17 | X86: 14 | Y86: 5 | Z86: 5 | AA86: 0 | AB86: 1 | AC86: 2 | AD86: 4 | AE86: 19 | AF86: 46 | AG86: 38 | AH86: 31 | AI86: 13 | AJ86: 13 | AK86: 11 | AL86: 2 | AP86: 4 | AQ86: 14 | AR86: 100 | AS86: 108 | AT86: 41 | AU86: 531
L87: =SUM(P87:U87) | M87: =SUM(AB87:AG87) | N87: =SUM(AN87:AR87)+AT87 | O87: 86 | Q87: 0 | R87: 0 | S87: 2 | T87: 3 | U87: 13 | V87: 25 | W87: 17 | X87: 13 | Y87: 4 | Z87: 5 | AA87: 0 | AB87: 1 | AC87: 2 | AD87: 4 | AE87: 18 | AF87: 46 | AG87: 37 | AH87: 31 | AI87: 12 | AJ87: 12 | AK87: 10 | AL87: 2 | AP87: 3 | AQ87: 12 | AR87: 99 | AS87: 105 | AT87: 41 | AU87: 517
L88: =SUM(P88:U88) | M88: =SUM(AB88:AG88) | N88: =SUM(AN88:AR88)+AT88 | O88: 87 | Q88: 0 | R88: 0 | S88: 2 | T88: 3 | U88: 13 | V88: 25 | W88: 17 | X88: 13 | Y88: 4 | Z88: 5 | AA88: 0 | AB88: 1 | AC88: 2 | AD88: 4 | AE88: 16 | AF88: 45 | AG88: 34 | AH88: 30 | AI88: 12 | AJ88: 12 | AK88: 10 | AL88: 1 | AP88: 3 | AQ88: 11 | AR88: 98 | AS88: 100 | AT88: 40 | AU88: 501
L89: =SUM(P89:U89) | M89: =SUM(AB89:AG89) | N89: =SUM(AN89:AR89)+AT89 | O89: 88 | Q89: 0 | R89: 0 | S89: 2 | T89: 3 | U89: 12 | V89: 24 | W89: 15 | X89: 13 | Y89: 4 | Z89: 4 | AA89: 0 | AB89: 1 | AC89: 2 | AD89: 4 | AE89: 16 | AF89: 43 | AG89: 34 | AH89: 30 | AI89: 11 | AJ89: 11 | AK89: 10 | AL89: 1 | AP89: 3 | AQ89: 8 | AR89: 95 | AS89: 98 | AT89: 40 | AU89: 484
L90: =SUM(P90:U90) | M90: =SUM(AB90:AG90) | N90: =SUM(AN90:AR90)+AT90 | O90: 89 | Q90: 0 | R90: 0 | S90: 2 | T90: 2 | U90: 12 | V90: 23 | W90: 15 | X90: 12 | Y90: 4 | Z90: 4 | AA90: 0 | AB90: 0 | AC90: 1 | AD90: 4 | AE90: 16 | AF90: 43 | AG90: 31 | AH90: 30 | AI90: 9 | AJ90: 9 | AK90: 9 | AL90: 1 | AP90: 3 | AQ90: 8 | AR90: 90 | AS90: 97 | AT90: 39 | AU90: 464
L91: =SUM(P91:U91) | M91: =SUM(AB91:AG91) | N91: =SUM(AN91:AR91)+AT91 | O91: 90 | Q91: 0 | R91: 0 | S91: 2 | T91: 2 | U91: 11 | V91: 23 | W91: 15 | X91: 11 | Y91: 4 | Z91: 4 | AB91: 0 | AC91: 1 | AD91: 3 | AE91: 14 | AF91: 42 | AG91: 30 | AH91: 29 | AI91: 9 | AJ91: 9 | AK91: 9 | AL91: 1 | AP91: 3 | AQ91: 8 | AR91: 86 | AS91: 96 | AT91: 39 | AU91: 451
L92: =SUM(P92:U92) | M92: =SUM(AB92:AG92) | N92: =SUM(AN92:AR92)+AT92 | O92: 91 | Q92: 0 | R92: 0 | S92: 1 | T92: 2 | U92: 11 | V92: 23 | W92: 14 | X92: 10 | Y92: 4 | Z92: 4 | AB92: 0 | AC92: 1 | AD92: 3 | AE92: 13 | AF92: 40 | AG92: 30 | AH92: 29 | AI92: 8 | AJ92: 8 | AK92: 8 | AL92: 1 | AP92: 2 | AQ92: 7 | AR92: 86 | AS92: 95 | AT92: 36 | AU92: 436
L93: =SUM(P93:U93) | M93: =SUM(AB93:AG93) | N93: =SUM(AN93:AR93)+AT93 | O93: 92 | Q93: 0 | S93: 1 | T93: 2 | U93: 9 | V93: 22 | W93: 14 | X93: 10 | Y93: 4 | Z93: 4 | AB93: 0 | AC93: 1 | AD93: 3 | AE93: 13 | AF93: 40 | AG93: 29 | AH93: 28 | AI93: 7 | AJ93: 7 | AK93: 8 | AL93: 1 | AP93: 2 | AQ93: 6 | AR93: 84 | AS93: 95 | AT93: 31 | AU93: 421
L94: =SUM(P94:U94) | M94: =SUM(AB94:AG94) | N94: =SUM(AN94:AR94)+AT94 | O94: 93 | Q94: 0 | S94: 1 | T94: 2 | U94: 9 | V94: 22 | W94: 13 | X94: 10 | Y94: 3 | Z94: 4 | AB94: 0 | AC94: 1 | AD94: 3 | AE94: 12 | AF94: 38 | AG94: 28 | AH94: 27 | AI94: 5 | AJ94: 6 | AK94: 7 | AL94: 1 | AP94: 2 | AQ94: 6 | AR94: 78 | AS94: 90 | AT94: 31 | AU94: 399
